,0,1,2,3,4
0,0,5.983066666666667,0.995,"[1, 7, 15, 11, 2, 12, 11, 5, 7, 5, 9, 12, 14, 11, 14, 13, 6, 13, 9, 9, 2, 7, 6, 1, 7, 15, 6, 8, 8, 10, 14, 13, 2, 0, 0, 10, 11, 0, 13, 2, 4, 12, 12, 4, 5, 0, 6, 4]","[0.33 0.33 0.33 0.33 0.33 0.33 0.67 0.67 0.67 0.67 0.67 0.67 0.67 1.
 1.   1.   1.   1.   1.   1.   1.   1.   1.   1.   1.33 1.33 1.33 1.33
 1.33 1.33 1.33 1.33 1.33 1.33 1.33 1.33 1.33 1.33 1.33 1.33 1.33 1.33
 1.33 1.33 1.33 1.33 1.33 1.33]"
1,1,5.6853333333333325,0.990025,"[8, 5, 10, 0, 1, 15, 14, 15, 15, 0, 9, 2, 10, 11, 5, 3, 13, 9, 10, 3, 0, 1, 4, 6, 6, 6, 2, 15, 4, 10, 3, 14, 0, 3, 12, 12, 13, 2, 9, 11, 6, 4, 1, 11, 14, 2, 4, 13]","[0.33 0.33 0.33 0.33 0.33 0.33 0.33 0.67 1.   1.   1.   1.   1.   1.
 1.   1.   1.   1.   1.   1.   1.   1.   1.   1.   1.   1.   1.   1.33
 1.33 1.33 1.33 1.33 1.33 1.33 1.33 1.33 1.33 1.33 1.33 1.33 1.33 1.33
 1.33 1.33 1.33 1.33 1.33 1.33]"
2,2,5.5856999999999974,0.985074875,"[6, 10, 1, 0, 7, 13, 6, 14, 3, 15, 13, 4, 9, 4, 10, 1, 1, 4, 2, 5, 10, 0, 6, 0, 13, 9, 3, 12, 14, 15, 2, 0, 12, 11, 14, 7, 4, 6, 3, 13, 9, 9, 8, 2, 12, 1, 10, 14]","[0.33 0.33 0.33 0.33 0.33 0.33 0.67 0.67 0.67 0.67 0.67 0.67 0.67 0.67
 0.67 0.67 1.   1.   1.   1.   1.   1.   1.   1.   1.   1.   1.   1.
 1.   1.   1.   1.33 1.33 1.33 1.33 1.33 1.33 1.33 1.33 1.33 1.33 1.33
 1.33 1.33 1.33 1.33 1.33 1.33]"
3,3,5.1970333333333345,0.9801495006250001,"[15, 12, 10, 12, 2, 14, 12, 15, 4, 8, 1, 5, 6, 3, 13, 9, 13, 5, 2, 6, 1, 4, 2, 12, 8, 7, 6, 10, 9, 10, 9, 15, 0, 8, 6, 0, 8, 15, 10, 11, 9, 13, 4, 14, 0, 0, 7, 13]","[0.33 0.33 0.33 0.67 0.67 0.67 1.   1.   1.   1.   1.   1.   1.   1.
 1.   1.   1.   1.   1.   1.   1.   1.   1.   1.33 1.33 1.33 1.33 1.33
 1.33 1.33 1.33 1.33 1.33 1.33 1.33 1.33 1.33 1.33 1.33 1.33 1.33 1.33
 1.33 1.33 1.33 1.33 1.33 1.33]"
4,4,5.040299999999999,0.9752487531218751,"[2, 4, 1, 15, 8, 2, 13, 5, 14, 15, 9, 2, 4, 10, 2, 4, 3, 9, 3, 15, 11, 6, 14, 12, 11, 3, 1, 6, 3, 9, 9, 6, 0, 14, 5, 8, 11, 14, 4, 1, 6, 15, 0, 13, 7, 5, 12, 12]","[0.33 0.33 0.33 0.33 0.33 0.67 0.67 0.67 0.67 0.67 0.67 1.   1.   1.
 1.33 1.33 1.33 1.33 1.33 1.33 1.33 1.33 1.33 1.33 1.33 1.33 1.33 1.33
 1.33 1.33 1.33 1.33 1.33 1.33 1.33 1.33 1.33 1.33 1.33 1.33 1.33 1.33
 1.33 1.33 1.33 1.33 1.33 1.33]"
5,5,5.757066666666666,0.9703725093562657,"[5, 0, 13, 3, 9, 11, 15, 10, 5, 15, 0, 9, 2, 6, 10, 3, 8, 10, 7, 5, 7, 4, 8, 1, 5, 12, 3, 10, 0, 13, 15, 0, 11, 2, 14, 2, 6, 6, 14, 12, 4, 2, 1, 1, 3, 1, 14, 6]","[0.33 0.33 0.33 0.33 0.33 0.33 0.33 0.33 0.67 0.67 0.67 0.67 0.67 0.67
 0.67 0.67 0.67 1.   1.   1.   1.   1.   1.   1.   1.33 1.33 1.33 1.33
 1.33 1.33 1.33 1.33 1.33 1.33 1.33 1.33 1.33 1.33 1.33 1.33 1.33 1.33
 1.33 1.33 1.33 1.33 1.33 1.33]"
6,6,5.1583999999999985,0.9655206468094844,"[13, 0, 14, 10, 0, 7, 2, 12, 5, 2, 10, 15, 12, 9, 14, 1, 2, 14, 5, 10, 6, 6, 10, 9, 12, 12, 11, 9, 11, 8, 13, 2, 13, 8, 15, 8, 6, 4, 14, 15, 4, 1, 4, 6, 11, 15, 3, 1]","[0.33 0.33 0.33 0.33 0.67 0.67 0.67 0.67 0.67 0.67 0.67 0.67 0.67 0.67
 0.67 0.67 1.   1.   1.   1.   1.   1.   1.33 1.33 1.33 1.33 1.33 1.33
 1.33 1.33 1.33 1.33 1.33 1.33 1.33 1.33 1.33 1.33 1.33 1.33 1.33 1.33
 1.33 1.33 1.33 1.33 1.33 1.33]"
7,7,5.207133333333335,0.960693043575437,"[15, 6, 1, 11, 13, 10, 5, 11, 14, 14, 2, 2, 4, 0, 4, 3, 10, 1, 11, 11, 13, 8, 4, 12, 15, 7, 10, 12, 6, 6, 2, 1, 12, 12, 4, 8, 2, 5, 15, 15, 14, 9, 0, 6, 1, 10, 10, 8]","[0.33 0.33 0.33 0.33 0.33 0.33 0.33 0.67 0.67 0.67 0.67 0.67 0.67 0.67
 0.67 0.67 0.67 0.67 1.   1.33 1.33 1.33 1.33 1.33 1.33 1.33 1.33 1.33
 1.33 1.33 1.33 1.33 1.33 1.33 1.33 1.33 1.33 1.33 1.33 1.33 1.33 1.33
 1.33 1.33 1.33 1.33 1.67 1.67]"
8,8,4.206633333333334,0.9558895783575597,"[7, 15, 14, 11, 4, 2, 9, 9, 8, 4, 4, 1, 7, 15, 15, 15, 7, 14, 4, 0, 2, 2, 14, 0, 13, 0, 10, 2, 14, 6, 11, 13, 12, 10, 6, 1, 5, 7, 13, 1, 0, 8, 3, 9, 11, 6, 10, 6]","[0.33 0.33 0.33 0.33 0.33 0.33 0.33 0.67 0.67 0.67 1.   1.   1.   1.
 1.   1.33 1.33 1.33 1.33 1.33 1.33 1.33 1.33 1.33 1.33 1.33 1.33 1.33
 1.33 1.33 1.33 1.33 1.33 1.33 1.33 1.33 1.33 1.33 1.33 1.33 1.33 1.33
 1.33 1.33 1.33 1.33 1.33 1.33]"
9,9,5.756633333333335,0.9511101304657719,"[4, 7, 9, 3, 10, 2, 1, 10, 7, 6, 4, 6, 13, 5, 9, 1, 15, 15, 9, 3, 2, 6, 11, 3, 10, 15, 5, 13, 12, 4, 3, 9, 12, 15, 10, 13, 14, 0, 13, 11, 0, 14, 5, 2, 4, 1, 2, 7]","[0.33 0.33 0.33 0.33 0.33 0.33 0.33 0.67 0.67 0.67 0.67 0.67 0.67 0.67
 0.67 0.67 0.67 0.67 1.   1.   1.   1.   1.   1.   1.   1.   1.   1.
 1.   1.   1.33 1.33 1.33 1.33 1.33 1.33 1.33 1.33 1.33 1.33 1.33 1.33
 1.33 1.33 1.33 1.33 1.33 1.33]"
10,10,5.961433333333335,0.946354579813443,"[0, 4, 7, 10, 10, 1, 14, 15, 14, 11, 15, 0, 15, 9, 8, 10, 14, 12, 5, 5, 1, 10, 12, 11, 3, 1, 4, 4, 11, 7, 5, 13, 9, 7, 2, 9, 0, 4, 5, 3, 9, 14, 11, 6, 15, 8, 13, 0]","[0.33 0.33 0.33 0.33 0.67 0.67 0.67 0.67 0.67 0.67 0.67 0.67 1.   1.
 1.   1.   1.   1.   1.   1.   1.   1.33 1.33 1.33 1.33 1.33 1.33 1.33
 1.33 1.33 1.33 1.33 1.33 1.33 1.33 1.33 1.33 1.33 1.33 1.33 1.33 1.33
 1.33 1.33 1.33 1.33 1.33 1.33]"
11,11,5.442733333333335,0.9416228069143757,"[9, 3, 10, 15, 5, 4, 11, 13, 8, 6, 7, 14, 9, 6, 10, 3, 13, 14, 10, 2, 1, 12, 5, 10, 14, 8, 12, 4, 4, 4, 15, 8, 1, 15, 1, 9, 12, 15, 5, 12, 0, 15, 13, 6, 2, 0, 8, 14]","[0.33 0.33 0.33 0.33 0.33 0.33 0.33 0.33 0.33 0.33 0.33 0.33 0.67 0.67
 0.67 0.67 0.67 0.67 1.   1.   1.   1.   1.   1.33 1.33 1.33 1.33 1.33
 1.33 1.33 1.33 1.33 1.33 1.33 1.33 1.33 1.33 1.33 1.33 1.33 1.33 1.67
 1.67 1.67 1.67 1.67 1.67 1.67]"
12,12,6.074133333333332,0.9369146928798039,"[5, 14, 1, 2, 14, 2, 15, 0, 7, 12, 8, 12, 11, 7, 4, 10, 12, 14, 10, 2, 13, 7, 8, 3, 8, 10, 13, 15, 6, 3, 9, 4, 5, 7, 3, 14, 3, 4, 11, 2, 8, 15, 5, 0, 5, 12, 6, 9]","[0.33 0.33 0.33 0.33 0.67 0.67 0.67 0.67 0.67 0.67 0.67 0.67 0.67 0.67
 0.67 0.67 1.   1.   1.   1.   1.   1.   1.   1.   1.   1.   1.   1.
 1.   1.   1.   1.   1.   1.33 1.33 1.33 1.33 1.33 1.33 1.33 1.33 1.33
 1.33 1.33 1.33 1.33 1.33 1.33]"
13,13,5.099266666666665,0.9322301194154049,"[2, 12, 10, 7, 5, 15, 14, 7, 10, 15, 9, 3, 2, 11, 10, 10, 1, 5, 6, 6, 2, 12, 12, 14, 0, 7, 4, 2, 0, 15, 11, 15, 14, 9, 11, 4, 11, 0, 1, 9, 3, 6, 1, 4, 9, 1, 5, 13]","[0.33 0.33 0.33 0.33 0.33 0.33 0.33 0.67 0.67 0.67 0.67 0.67 0.67 0.67
 1.   1.33 1.33 1.33 1.33 1.33 1.33 1.33 1.33 1.33 1.33 1.33 1.33 1.33
 1.33 1.33 1.33 1.33 1.33 1.33 1.33 1.33 1.33 1.33 1.33 1.33 1.33 1.33
 1.33 1.33 1.33 1.33 1.33 1.33]"
14,14,3.493066666666667,0.9275689688183278,"[0, 15, 10, 6, 15, 11, 8, 9, 11, 10, 14, 0, 8, 11, 2, 11, 12, 12, 14, 2, 1, 14, 3, 2, 3, 15, 14, 3, 8, 2, 6, 15, 10, 3, 10, 8, 1, 6, 0, 5, 6, 9, 1, 13, 0, 9, 13, 1]","[0.33 0.33 0.33 0.33 0.67 0.67 0.67 0.67 0.67 0.67 0.67 0.67 0.67 1.
 1.   1.33 1.33 1.33 1.33 1.33 1.33 1.33 1.33 1.33 1.33 1.33 1.33 1.33
 1.33 1.33 1.33 1.33 1.33 1.33 1.33 1.33 1.33 1.33 1.33 1.33 1.33 1.33
 1.33 1.33 1.33 1.33 1.33 1.33]"
15,15,4.0947000000000005,0.9229311239742362,"[12, 7, 13, 6, 15, 1, 13, 14, 4, 12, 8, 14, 14, 8, 1, 5, 14, 8, 12, 6, 12, 10, 3, 7, 2, 2, 10, 1, 10, 10, 2, 11, 9, 6, 2, 15, 4, 13, 7, 8, 9, 13, 5, 7, 3, 6, 0, 11]","[0.33 0.33 0.33 0.33 0.33 0.33 0.67 0.67 0.67 0.67 0.67 0.67 1.   1.
 1.   1.   1.33 1.33 1.33 1.33 1.33 1.33 1.33 1.33 1.33 1.33 1.33 1.33
 1.33 1.33 1.33 1.33 1.33 1.33 1.33 1.33 1.33 1.33 1.33 1.33 1.33 1.33
 1.33 1.33 1.33 1.33 1.33 1.33]"
16,16,4.100366666666666,0.918316468354365,"[13, 6, 6, 8, 6, 5, 2, 14, 8, 1, 13, 6, 10, 12, 15, 0, 8, 7, 7, 8, 9, 10, 11, 10, 2, 7, 14, 5, 3, 1, 14, 14, 13, 5, 9, 0, 5, 7, 2, 0, 13, 0, 1, 3, 3, 1, 3, 4]","[0.33 0.33 0.67 0.67 1.   1.   1.   1.   1.   1.   1.   1.33 1.33 1.33
 1.33 1.33 1.33 1.33 1.33 1.33 1.33 1.33 1.33 1.33 1.33 1.33 1.33 1.33
 1.33 1.33 1.33 1.33 1.33 1.33 1.33 1.33 1.33 1.33 1.33 1.33 1.33 1.33
 1.33 1.33 1.33 1.33 1.33 1.33]"
17,17,4.387266666666668,0.9137248860125932,"[9, 4, 0, 10, 9, 10, 8, 11, 5, 14, 10, 2, 0, 3, 4, 13, 6, 8, 4, 10, 3, 12, 11, 4, 6, 1, 9, 10, 8, 8, 1, 14, 5, 2, 6, 14, 7, 2, 11, 11, 14, 2, 13, 6, 1, 9, 15, 0]","[0.33 0.33 0.33 0.33 0.67 0.67 0.67 0.67 0.67 0.67 1.   1.   1.   1.
 1.   1.   1.   1.   1.   1.33 1.33 1.33 1.33 1.33 1.33 1.33 1.33 1.67
 1.67 1.67 1.67 1.67 1.67 1.67 1.67 1.67 1.67 1.67 1.67 1.67 1.67 1.67
 1.67 1.67 1.67 1.67 1.67 1.67]"
18,18,6.084666666666669,0.9091562615825302,"[3, 12, 4, 10, 9, 7, 5, 15, 14, 4, 5, 11, 13, 14, 0, 14, 9, 2, 12, 9, 0, 11, 7, 3, 4, 12, 7, 5, 8, 4, 11, 7, 1, 1, 13, 11, 15, 10, 0, 12, 14, 6, 1, 3, 8, 0, 6, 9]","[0.33 0.33 0.33 0.33 0.33 0.33 0.33 0.33 0.33 0.67 0.67 0.67 0.67 0.67
 0.67 1.   1.   1.   1.   1.   1.   1.   1.   1.   1.   1.   1.   1.
 1.   1.33 1.33 1.33 1.33 1.33 1.33 1.33 1.33 1.33 1.33 1.33 1.33 1.33
 1.33 1.33 1.33 1.33 1.33 1.33]"
19,19,5.3058000000000005,0.9046104802746175,"[5, 4, 0, 11, 3, 10, 10, 14, 9, 12, 11, 14, 4, 6, 6, 13, 4, 15, 9, 6, 6, 12, 15, 2, 9, 9, 2, 8, 0, 5, 4, 10, 14, 7, 8, 3, 14, 15, 7, 2, 8, 1, 15, 3, 8, 1, 11, 12]","[0.33 0.33 0.33 0.33 0.33 0.33 0.67 0.67 0.67 0.67 0.67 0.67 0.67 0.67
 0.67 0.67 1.   1.   1.   1.   1.33 1.33 1.33 1.33 1.33 1.33 1.33 1.33
 1.33 1.33 1.33 1.33 1.33 1.33 1.33 1.33 1.33 1.33 1.33 1.33 1.33 1.33
 1.33 1.33 1.33 1.33 1.33 1.33]"
20,20,4.625700000000002,0.9000874278732445,"[7, 0, 14, 11, 12, 5, 10, 13, 10, 1, 1, 12, 14, 11, 10, 5, 9, 11, 6, 11, 5, 5, 14, 9, 14, 3, 10, 13, 8, 9, 15, 13, 12, 6, 1, 2, 8, 15, 0, 9, 8, 15, 8, 6, 9, 4, 7, 0]","[0.33 0.33 0.33 0.33 0.33 0.33 0.33 0.33 0.67 0.67 0.67 0.67 0.67 0.67
 1.   1.   1.   1.   1.   1.33 1.33 1.33 1.33 1.33 1.33 1.33 1.33 1.33
 1.33 1.33 1.33 1.33 1.33 1.33 1.33 1.33 1.33 1.33 1.33 1.33 1.33 1.33
 1.33 1.33 1.67 1.67 1.67 1.67]"
21,21,5.3165,0.8955869907338783,"[0, 14, 12, 8, 6, 5, 14, 8, 15, 15, 15, 6, 12, 14, 7, 0, 11, 1, 1, 5, 7, 10, 3, 6, 13, 2, 0, 11, 0, 10, 4, 11, 15, 5, 1, 6, 11, 1, 13, 13, 7, 7, 14, 5, 3, 9, 3, 4]","[0.33 0.33 0.33 0.33 0.33 0.33 0.67 0.67 0.67 0.67 1.   1.   1.   1.
 1.   1.   1.   1.   1.   1.   1.   1.   1.   1.   1.   1.   1.   1.
 1.33 1.33 1.33 1.33 1.33 1.33 1.33 1.33 1.33 1.33 1.33 1.33 1.33 1.33
 1.33 1.33 1.33 1.33 1.33 1.33]"
22,22,5.064933333333333,0.8911090557802088,"[12, 5, 15, 1, 13, 0, 14, 6, 14, 7, 14, 14, 8, 13, 4, 1, 0, 15, 4, 10, 8, 8, 10, 7, 2, 2, 6, 12, 10, 3, 9, 6, 2, 7, 14, 7, 12, 0, 0, 11, 13, 10, 11, 9, 2, 1, 12, 8]","[0.33 0.33 0.33 0.33 0.33 0.33 0.33 0.33 0.67 0.67 1.   1.33 1.33 1.33
 1.33 1.33 1.33 1.33 1.33 1.33 1.33 1.33 1.33 1.33 1.33 1.33 1.33 1.33
 1.33 1.33 1.33 1.33 1.33 1.33 1.67 1.67 1.67 1.67 1.67 1.67 1.67 1.67
 1.67 1.67 1.67 1.67 1.67 1.67]"
23,23,6.398033333333333,0.8866535105013078,"[13, 7, 2, 3, 6, 9, 9, 2, 10, 12, 10, 5, 6, 0, 11, 1, 12, 14, 11, 6, 11, 9, 14, 5, 15, 1, 2, 11, 4, 10, 4, 13, 8, 4, 14, 12, 3, 7, 15, 6, 4, 1, 12, 14, 7, 8, 15, 5]","[0.33 0.33 0.33 0.33 0.33 0.33 0.67 0.67 0.67 0.67 0.67 0.67 0.67 0.67
 0.67 0.67 0.67 0.67 0.67 1.   1.   1.   1.   1.   1.   1.   1.   1.33
 1.33 1.33 1.33 1.33 1.33 1.33 1.33 1.33 1.33 1.33 1.33 1.33 1.33 1.33
 1.33 1.33 1.33 1.33 1.33 1.33]"
24,24,5.0651333333333355,0.8822202429488013,"[15, 0, 8, 6, 6, 6, 8, 14, 5, 10, 12, 12, 12, 8, 10, 0, 6, 7, 3, 7, 4, 14, 9, 15, 15, 7, 4, 4, 5, 5, 14, 0, 9, 12, 14, 2, 9, 10, 13, 15, 10, 9, 2, 13, 13, 5, 13, 0]","[0.33 0.33 0.33 0.33 0.67 1.   1.   1.   1.   1.   1.   1.   1.   1.
 1.   1.   1.33 1.33 1.33 1.33 1.33 1.33 1.33 1.33 1.33 1.33 1.33 1.33
 1.33 1.33 1.33 1.33 1.33 1.33 1.33 1.33 1.33 1.33 1.33 1.33 1.33 1.33
 1.33 1.33 1.33 1.33 1.33 1.33]"
25,25,5.417966666666668,0.8778091417340573,"[7, 6, 8, 9, 4, 12, 4, 4, 7, 11, 10, 0, 6, 9, 5, 5, 15, 14, 9, 12, 12, 10, 4, 12, 14, 11, 14, 10, 13, 0, 8, 5, 11, 13, 1, 10, 8, 15, 5, 7, 0, 7, 8, 9, 15, 1, 6, 3]","[0.33 0.33 0.33 0.33 0.33 0.33 0.67 1.   1.   1.   1.   1.   1.   1.
 1.   1.   1.   1.   1.   1.   1.   1.   1.33 1.33 1.33 1.33 1.33 1.33
 1.33 1.33 1.33 1.33 1.33 1.33 1.33 1.33 1.33 1.33 1.33 1.33 1.33 1.33
 1.33 1.33 1.33 1.33 1.33 1.33]"
26,26,4.986700000000001,0.8734200960253871,"[5, 7, 5, 6, 12, 9, 13, 9, 15, 14, 15, 8, 13, 13, 14, 12, 2, 6, 1, 4, 14, 2, 3, 3, 11, 15, 14, 1, 5, 13, 12, 9, 4, 14, 14, 10, 11, 6, 9, 11, 7, 11, 5, 15, 6, 10, 1, 8]","[0.33 0.33 0.67 0.67 0.67 0.67 0.67 0.67 0.67 0.67 0.67 0.67 0.67 1.
 1.   1.   1.   1.   1.   1.   1.   1.   1.   1.   1.   1.   1.33 1.33
 1.33 1.33 1.33 1.33 1.33 1.67 2.   2.   2.   2.   2.   2.   2.   2.
 2.   2.   2.   2.   2.   2.  ]"
27,27,5.375233333333334,0.8690529955452602,"[9, 10, 10, 13, 11, 13, 1, 3, 8, 1, 0, 1, 15, 15, 0, 2, 7, 12, 10, 7, 2, 3, 6, 2, 8, 11, 13, 10, 13, 12, 5, 11, 12, 7, 7, 3, 0, 1, 8, 9, 6, 11, 9, 6, 8, 5, 14, 2]","[0.33 0.33 0.67 0.67 0.67 0.67 0.67 0.67 0.67 0.67 0.67 1.   1.   1.
 1.   1.   1.   1.   1.   1.   1.   1.   1.   1.   1.   1.   1.   1.33
 1.33 1.33 1.33 1.33 1.33 1.33 1.33 1.33 1.33 1.33 1.33 1.33 1.33 1.33
 1.33 1.33 1.33 1.33 1.33 1.33]"
28,28,4.787000000000003,0.8647077305675338,"[1, 2, 13, 9, 5, 14, 3, 14, 4, 6, 14, 10, 12, 4, 7, 9, 9, 11, 11, 0, 14, 9, 1, 15, 2, 0, 10, 5, 15, 4, 0, 10, 0, 10, 1, 4, 15, 3, 7, 6, 5, 8, 7, 13, 8, 13, 12, 6]","[0.33 0.33 0.33 0.33 0.33 0.33 0.33 0.67 0.67 0.67 1.   1.   1.   1.
 1.   1.   1.   1.   1.   1.   1.33 1.33 1.33 1.33 1.33 1.33 1.33 1.33
 1.33 1.33 1.33 1.33 1.33 1.33 1.33 1.33 1.33 1.33 1.33 1.33 1.33 1.33
 1.33 1.33 1.33 1.33 1.33 1.33]"
29,29,4.655666666666667,0.8603841919146962,"[15, 2, 8, 8, 6, 12, 0, 3, 2, 5, 12, 13, 13, 10, 10, 2, 9, 3, 13, 0, 11, 5, 3, 13, 1, 8, 0, 5, 10, 2, 0, 11, 10, 12, 9, 3, 6, 15, 4, 15, 8, 7, 1, 1, 0, 4, 0, 11]","[0.33 0.33 0.33 0.67 0.67 0.67 0.67 0.67 0.67 0.67 0.67 0.67 0.67 0.67
 0.67 1.   1.   1.   1.   1.   1.   1.   1.   1.33 1.33 1.33 1.33 1.33
 1.33 1.33 1.33 1.33 1.33 1.33 1.33 1.33 1.33 1.33 1.33 1.33 1.33 1.33
 1.33 1.33 1.67 1.67 2.   2.  ]"
30,30,6.6164,0.8560822709551227,"[3, 9, 11, 13, 15, 15, 14, 4, 0, 11, 2, 5, 3, 8, 4, 3, 2, 13, 9, 6, 9, 7, 10, 8, 7, 0, 14, 14, 11, 5, 10, 11, 15, 3, 1, 0, 12, 8, 7, 2, 11, 1, 14, 5, 1, 4, 10, 15]","[0.33 0.33 0.33 0.33 0.33 0.67 0.67 0.67 0.67 0.67 0.67 0.67 0.67 0.67
 0.67 1.   1.   1.   1.   1.   1.   1.   1.   1.   1.   1.   1.   1.
 1.   1.   1.   1.33 1.33 1.33 1.33 1.33 1.33 1.33 1.33 1.33 1.67 1.67
 1.67 1.67 1.67 1.67 1.67 1.67]"
31,31,4.914766666666666,0.851801859600347,"[4, 12, 2, 8, 1, 11, 14, 11, 8, 5, 5, 9, 8, 9, 0, 5, 6, 15, 5, 1, 10, 11, 7, 8, 2, 15, 11, 14, 15, 4, 1, 12, 0, 14, 12, 6, 0, 3, 9, 1, 14, 4, 0, 9, 3, 6, 13, 4]","[0.33 0.33 0.33 0.33 0.33 0.33 0.33 0.67 0.67 0.67 0.67 0.67 1.   1.
 1.   1.   1.   1.   1.33 1.33 1.33 1.33 1.33 1.33 1.33 1.33 1.33 1.33
 1.33 1.33 1.33 1.33 1.33 1.33 1.33 1.33 1.33 1.33 1.33 1.33 1.33 1.33
 1.33 1.33 1.33 1.33 1.33 1.33]"
32,32,5.0802666666666685,0.8475428503023453,"[12, 13, 1, 4, 0, 12, 14, 8, 3, 5, 8, 15, 0, 15, 5, 1, 4, 6, 6, 10, 6, 8, 7, 0, 2, 5, 6, 12, 3, 8, 5, 10, 4, 11, 1, 10, 14, 1, 0, 3, 15, 7, 13, 15, 4, 11, 9, 10]","[0.33 0.33 0.33 0.33 0.33 0.67 0.67 0.67 0.67 0.67 0.67 0.67 0.67 0.67
 0.67 0.67 0.67 0.67 0.67 0.67 1.   1.   1.   1.   1.   1.   1.33 1.33
 1.33 1.33 1.33 1.33 1.33 1.33 1.33 1.33 1.33 1.33 1.33 1.33 1.33 1.33
 1.33 1.33 1.33 1.33 1.33 1.33]"
33,33,4.9662000000000015,0.8433051360508336,"[11, 13, 0, 2, 10, 10, 14, 10, 12, 2, 8, 3, 10, 0, 1, 1, 11, 15, 3, 5, 13, 7, 13, 15, 0, 6, 8, 1, 5, 0, 15, 7, 14, 14, 8, 10, 6, 12, 15, 8, 4, 4, 4, 12, 7, 9, 8, 3]","[0.33 0.33 0.33 0.33 0.33 0.67 0.67 1.   1.   1.   1.   1.   1.33 1.33
 1.33 1.33 1.33 1.33 1.33 1.33 1.33 1.33 1.33 1.33 1.33 1.33 1.33 1.33
 1.33 1.33 1.33 1.33 1.33 1.33 1.33 1.67 1.67 1.67 1.67 1.67 1.67 1.67
 1.67 1.67 1.67 1.67 1.67 1.67]"
34,34,4.572166666666667,0.8390886103705794,"[11, 4, 5, 1, 14, 14, 7, 14, 12, 4, 6, 3, 14, 5, 10, 7, 3, 15, 11, 7, 5, 14, 11, 15, 4, 0, 4, 9, 8, 9, 6, 15, 15, 5, 1, 9, 9, 2, 13, 0, 3, 2, 3, 8, 1, 8, 6, 3]","[0.33 0.33 0.33 0.33 0.33 0.67 0.67 1.   1.   1.   1.   1.   1.33 1.33
 1.33 1.33 1.33 1.33 1.33 1.33 1.33 1.67 1.67 1.67 1.67 1.67 1.67 1.67
 1.67 1.67 1.67 1.67 1.67 1.67 1.67 1.67 1.67 1.67 1.67 1.67 1.67 1.67
 1.67 1.67 1.67 1.67 1.67 1.67]"
35,35,4.324566666666669,0.8348931673187264,"[7, 6, 14, 6, 0, 3, 7, 12, 11, 11, 9, 14, 1, 7, 8, 7, 2, 1, 6, 5, 13, 14, 14, 1, 10, 9, 11, 0, 14, 1, 13, 3, 3, 10, 15, 6, 11, 10, 13, 8, 9, 8, 5, 12, 15, 10, 5, 0]","[0.33 0.33 0.33 0.67 0.67 0.67 0.67 0.67 0.67 0.67 0.67 0.67 0.67 1.
 1.   1.33 1.33 1.33 1.33 1.33 1.33 1.33 1.33 1.33 1.33 1.33 1.33 1.33
 1.67 1.67 1.67 1.67 1.67 1.67 1.67 1.67 1.67 1.67 1.67 1.67 1.67 1.67
 1.67 1.67 1.67 1.67 1.67 1.67]"
36,36,4.269800000000001,0.8307187014821328,"[8, 12, 0, 15, 6, 8, 2, 0, 6, 7, 2, 9, 12, 3, 12, 12, 6, 3, 11, 7, 15, 3, 14, 6, 10, 3, 8, 11, 7, 14, 0, 4, 2, 13, 11, 8, 1, 10, 5, 9, 9, 11, 13, 0, 7, 13, 9, 4]","[0.33 0.33 0.33 0.33 0.33 0.67 0.67 0.67 0.67 0.67 0.67 0.67 0.67 0.67
 1.   1.33 1.33 1.33 1.33 1.33 1.33 1.33 1.33 1.33 1.33 1.33 1.33 1.33
 1.33 1.33 1.33 1.33 1.33 1.33 1.33 1.33 1.33 1.33 1.33 1.33 1.33 1.33
 1.33 1.33 1.33 1.33 1.33 1.33]"
37,37,4.217433333333335,0.8265651079747222,"[10, 15, 1, 4, 14, 10, 12, 8, 12, 7, 15, 8, 10, 1, 12, 9, 14, 11, 8, 8, 6, 6, 4, 6, 7, 13, 2, 4, 6, 0, 4, 9, 12, 3, 7, 14, 13, 1, 7, 14, 15, 1, 0, 5, 11, 10, 15, 15]","[0.33 0.33 0.33 0.33 0.33 0.67 0.67 0.67 0.67 0.67 0.67 0.67 1.   1.
 1.   1.   1.   1.   1.   1.33 1.33 1.33 1.33 1.33 1.33 1.33 1.33 1.33
 1.33 1.33 1.33 1.33 1.33 1.33 1.33 1.33 1.33 1.33 1.33 1.33 1.33 1.33
 1.33 1.33 1.33 1.33 1.33 1.67]"
38,38,5.165833333333331,0.8224322824348486,"[15, 13, 2, 2, 4, 5, 5, 13, 0, 13, 7, 6, 10, 12, 0, 10, 5, 8, 9, 15, 9, 9, 9, 8, 8, 1, 8, 7, 3, 3, 13, 11, 14, 4, 12, 6, 14, 12, 15, 12, 5, 15, 6, 10, 3, 14, 2, 3]","[0.33 0.33 0.33 0.67 0.67 0.67 0.67 0.67 0.67 1.   1.   1.   1.   1.
 1.   1.   1.   1.   1.   1.   1.   1.   1.33 1.33 1.33 1.33 1.33 1.33
 1.33 1.33 1.33 1.33 1.33 1.33 1.33 1.33 1.33 1.33 1.33 1.33 1.33 1.33
 1.33 1.33 1.33 1.33 1.33 1.33]"
39,39,5.456000000000001,0.8183201210226743,"[15, 10, 0, 4, 12, 10, 11, 3, 7, 11, 14, 15, 15, 13, 2, 5, 15, 4, 7, 2, 0, 2, 1, 12, 9, 10, 5, 10, 3, 12, 6, 6, 11, 0, 2, 14, 5, 8, 3, 5, 9, 8, 7, 6, 12, 8, 7, 6]","[0.33 0.33 0.33 0.33 0.33 0.67 0.67 0.67 0.67 0.67 0.67 0.67 1.   1.
 1.   1.   1.33 1.33 1.33 1.33 1.33 1.33 1.33 1.33 1.33 1.33 1.33 1.33
 1.33 1.33 1.33 1.33 1.33 1.33 1.33 1.33 1.33 1.33 1.33 1.33 1.33 1.33
 1.33 1.33 1.33 1.33 1.33 1.33]"
40,40,5.0562000000000005,0.8142285204175609,"[11, 4, 14, 5, 9, 10, 10, 5, 14, 14, 4, 14, 1, 4, 4, 2, 11, 7, 0, 3, 12, 9, 9, 6, 6, 3, 10, 7, 0, 15, 1, 11, 12, 7, 12, 9, 2, 12, 13, 10, 5, 0, 1, 2, 0, 3, 13, 5]","[0.33 0.33 0.33 0.33 0.33 0.33 0.67 0.67 0.67 1.   1.   1.33 1.33 1.33
 1.33 1.33 1.33 1.33 1.33 1.33 1.33 1.33 1.33 1.33 1.33 1.33 1.33 1.33
 1.33 1.33 1.33 1.33 1.33 1.33 1.33 1.33 1.33 1.33 1.33 1.33 1.33 1.33
 1.33 1.33 1.33 1.33 1.33 1.33]"
41,41,4.8869,0.810157377815473,"[11, 11, 1, 8, 9, 7, 1, 9, 8, 4, 13, 7, 2, 14, 7, 2, 3, 13, 15, 10, 1, 8, 10, 5, 2, 9, 2, 7, 12, 14, 10, 12, 10, 9, 3, 3, 8, 3, 5, 11, 5, 0, 13, 13, 1, 15, 15, 0]","[0.33 0.67 0.67 0.67 0.67 0.67 0.67 0.67 0.67 0.67 0.67 0.67 0.67 0.67
 1.   1.   1.   1.   1.   1.   1.   1.   1.   1.   1.   1.   1.33 1.33
 1.33 1.33 1.33 1.33 1.33 1.33 1.33 1.33 1.33 1.33 1.33 1.33 1.33 1.33
 1.33 1.33 1.33 1.33 1.33 1.33]"
42,42,4.792966666666666,0.8061065909263957,"[0, 8, 14, 2, 7, 5, 6, 14, 8, 8, 0, 8, 6, 1, 5, 1, 11, 10, 0, 12, 10, 5, 14, 4, 13, 14, 1, 2, 7, 12, 6, 13, 9, 0, 4, 10, 15, 4, 3, 1, 4, 3, 10, 6, 11, 7, 11, 12]","[0.33 0.33 0.33 0.33 0.33 0.33 0.33 0.67 0.67 1.   1.   1.33 1.33 1.33
 1.33 1.33 1.33 1.33 1.33 1.33 1.33 1.33 1.33 1.33 1.33 1.33 1.33 1.33
 1.33 1.33 1.33 1.33 1.33 1.33 1.33 1.33 1.33 1.33 1.33 1.33 1.33 1.33
 1.33 1.33 1.33 1.33 1.33 1.33]"
43,43,4.671633333333334,0.8020760579717637,"[14, 6, 0, 7, 12, 1, 14, 14, 10, 10, 15, 10, 8, 2, 8, 10, 4, 9, 9, 9, 3, 9, 1, 11, 4, 4, 3, 13, 13, 15, 5, 3, 14, 13, 11, 2, 3, 4, 1, 5, 6, 2, 1, 8, 5, 7, 8, 7]","[0.33 0.33 0.33 0.33 0.33 0.33 0.67 1.   1.   1.   1.   1.   1.   1.
 1.   1.33 1.33 1.33 1.33 1.33 1.33 1.33 1.33 1.33 1.33 1.33 1.33 1.33
 1.33 1.33 1.33 1.33 1.33 1.33 1.33 1.33 1.33 1.33 1.33 1.33 1.33 1.33
 1.33 1.33 1.33 1.33 1.33 1.33]"
44,44,4.904500000000001,0.798065677681905,"[0, 11, 14, 4, 9, 4, 0, 12, 1, 9, 12, 10, 14, 6, 1, 2, 12, 4, 14, 4, 1, 5, 11, 15, 13, 14, 1, 7, 11, 8, 0, 7, 5, 8, 10, 12, 10, 15, 5, 15, 8, 0, 2, 9, 9, 11, 15, 5]","[0.33 0.33 0.33 0.33 0.33 0.67 0.67 0.67 0.67 0.67 0.67 0.67 0.67 0.67
 0.67 0.67 1.   1.   1.   1.33 1.33 1.33 1.33 1.33 1.33 1.33 1.33 1.33
 1.33 1.33 1.33 1.33 1.33 1.33 1.33 1.33 1.33 1.33 1.33 1.33 1.33 1.33
 1.33 1.33 1.33 1.33 1.33 1.33]"
45,45,6.0788333333333355,0.7940753492934954,"[11, 5, 2, 13, 14, 1, 0, 9, 14, 5, 13, 9, 8, 10, 14, 4, 10, 10, 3, 6, 13, 7, 12, 13, 3, 8, 0, 14, 15, 10, 7, 4, 5, 12, 12, 1, 1, 6, 15, 8, 6, 3, 15, 4, 0, 2, 12, 3]","[0.33 0.33 0.33 0.33 0.33 0.33 0.33 0.33 0.67 0.67 0.67 0.67 0.67 0.67
 1.   1.   1.   1.   1.   1.   1.   1.   1.   1.33 1.33 1.33 1.33 1.33
 1.33 1.33 1.33 1.33 1.33 1.33 1.33 1.33 1.33 1.33 1.33 1.33 1.33 1.33
 1.33 1.33 1.33 1.33 1.33 1.33]"
46,46,4.858900000000001,0.7901049725470279,"[0, 15, 15, 7, 7, 2, 3, 2, 14, 6, 0, 2, 13, 4, 4, 3, 3, 4, 6, 9, 3, 5, 7, 2, 14, 5, 10, 10, 14, 10, 1, 4, 13, 7, 8, 11, 14, 8, 0, 11, 11, 6, 5, 9, 0, 7, 12, 9]","[0.33 0.33 0.67 0.67 0.67 0.67 0.67 0.67 0.67 0.67 0.67 1.   1.   1.
 1.   1.   1.   1.   1.   1.   1.33 1.33 1.33 1.33 1.33 1.33 1.33 1.33
 1.33 1.33 1.33 1.33 1.33 1.33 1.33 1.33 1.33 1.33 1.33 1.33 1.33 1.33
 1.33 1.33 1.33 1.67 1.67 1.67]"
47,47,4.3780333333333346,0.7861544476842928,"[12, 0, 12, 3, 13, 10, 12, 10, 6, 3, 7, 8, 3, 2, 14, 12, 14, 8, 13, 6, 8, 13, 2, 14, 10, 0, 9, 8, 2, 9, 5, 2, 14, 15, 3, 1, 6, 1, 11, 1, 9, 15, 1, 7, 10, 4, 15, 4]","[0.33 0.33 0.67 0.67 0.67 0.67 1.   1.   1.   1.   1.   1.   1.   1.
 1.   1.33 1.33 1.33 1.33 1.33 1.33 1.33 1.33 1.33 1.33 1.33 1.33 1.33
 1.33 1.33 1.33 1.33 1.33 1.33 1.33 1.33 1.33 1.33 1.33 1.33 1.33 1.33
 1.33 1.33 1.33 1.33 1.33 1.33]"
48,48,4.1878,0.7822236754458713,"[11, 3, 15, 13, 3, 10, 7, 3, 9, 6, 14, 14, 11, 4, 6, 11, 5, 14, 3, 15, 14, 9, 1, 1, 1, 13, 0, 5, 12, 6, 1, 2, 14, 14, 7, 4, 11, 2, 2, 5, 2, 10, 0, 5, 9, 3, 4, 6]","[0.33 0.33 0.33 0.33 0.67 0.67 0.67 1.   1.   1.   1.   1.   1.   1.
 1.   1.   1.   1.   1.33 1.33 1.33 1.33 1.33 1.33 1.33 1.33 1.33 1.33
 1.33 1.33 1.33 1.33 1.67 2.   2.   2.   2.   2.   2.   2.   2.   2.
 2.   2.   2.   2.   2.   2.  ]"
49,49,4.935966666666666,0.778312557068642,"[4, 6, 5, 2, 1, 8, 8, 14, 7, 13, 11, 14, 6, 10, 5, 13, 12, 3, 14, 12, 10, 14, 15, 5, 13, 5, 1, 9, 9, 1, 9, 2, 9, 1, 2, 10, 8, 3, 12, 2, 15, 4, 8, 6, 12, 11, 3, 10]","[0.33 0.33 0.33 0.33 0.33 0.33 0.67 0.67 0.67 0.67 0.67 0.67 0.67 0.67
 0.67 0.67 0.67 0.67 1.   1.   1.   1.33 1.33 1.33 1.33 1.33 1.33 1.33
 1.33 1.33 1.33 1.33 1.33 1.33 1.33 1.33 1.33 1.33 1.33 1.33 1.33 1.33
 1.33 1.33 1.33 1.33 1.33 1.33]"
50,50,4.616333333333334,0.7744209942832988,"[14, 13, 1, 3, 13, 7, 8, 12, 7, 14, 8, 12, 15, 12, 5, 7, 10, 4, 10, 12, 10, 1, 11, 0, 6, 11, 13, 5, 0, 13, 3, 1, 0, 1, 0, 4, 2, 0, 0, 11, 15, 3, 4, 8, 8, 2, 7, 15]","[0.33 0.33 0.33 0.33 0.67 0.67 0.67 0.67 0.67 0.67 0.67 0.67 0.67 1.
 1.   1.   1.   1.   1.   1.33 1.33 1.33 1.33 1.33 1.33 1.33 1.33 1.33
 1.33 1.33 1.33 1.33 1.33 1.33 1.33 1.33 1.33 1.67 2.   2.   2.   2.
 2.   2.   2.   2.   2.   2.  ]"
51,51,3.032466666666669,0.7705488893118823,"[10, 12, 6, 0, 7, 0, 10, 14, 4, 13, 14, 9, 7, 0, 15, 12, 4, 10, 3, 4, 12, 10, 0, 6, 12, 3, 14, 11, 4, 9, 6, 9, 7, 14, 9, 6, 2, 3, 5, 3, 2, 13, 1, 7, 15, 1, 1, 8]","[0.33 0.33 0.33 0.33 0.33 0.67 0.67 0.67 0.67 0.67 0.67 0.67 0.67 1.
 1.   1.   1.   1.   1.   1.   1.   1.33 1.33 1.33 1.33 1.33 1.33 1.33
 1.33 1.33 1.33 1.33 1.33 1.33 1.33 1.33 1.33 1.33 1.33 1.33 1.33 1.33
 1.33 1.33 1.33 1.33 1.33 1.33]"
52,52,4.141633333333335,0.7666961448653229,"[5, 13, 6, 9, 12, 9, 10, 9, 5, 0, 15, 11, 11, 10, 14, 3, 14, 9, 14, 15, 10, 8, 14, 2, 2, 3, 3, 10, 11, 5, 3, 13, 13, 8, 12, 7, 9, 8, 5, 15, 8, 2, 13, 12, 15, 7, 0, 2]","[0.33 0.33 0.33 0.33 0.33 0.67 0.67 1.   1.   1.   1.   1.   1.   1.
 1.   1.   1.   1.33 1.33 1.33 1.33 1.33 1.33 1.33 1.33 1.33 1.33 1.33
 1.33 1.33 1.33 1.33 1.33 1.33 1.33 1.33 1.67 1.67 1.67 1.67 1.67 1.67
 1.67 1.67 1.67 1.67 1.67 1.67]"
53,53,3.979133333333334,0.7628626641409962,"[14, 12, 7, 4, 4, 9, 7, 15, 11, 4, 3, 12, 2, 12, 0, 6, 4, 3, 7, 12, 11, 1, 0, 0, 15, 11, 9, 14, 1, 11, 0, 8, 2, 8, 10, 15, 7, 13, 2, 10, 2, 10, 1, 6, 14, 14, 3, 7]","[0.33 0.33 0.33 0.33 0.67 0.67 0.67 0.67 0.67 1.   1.   1.   1.   1.
 1.   1.   1.33 1.33 1.33 1.33 1.33 1.33 1.33 1.33 1.33 1.33 1.33 1.33
 1.33 1.33 1.33 1.33 1.33 1.33 1.33 1.33 1.33 1.33 1.33 1.33 1.33 1.33
 1.33 1.33 1.33 1.33 1.33 1.67]"
54,54,4.158066666666667,0.7590483508202912,"[14, 6, 0, 10, 7, 8, 12, 9, 11, 8, 15, 0, 7, 8, 10, 4, 14, 10, 8, 13, 7, 1, 11, 10, 1, 4, 3, 1, 3, 0, 4, 2, 7, 1, 2, 15, 5, 0, 9, 4, 11, 13, 5, 12, 2, 14, 2, 3]","[0.33 0.33 0.33 0.33 0.33 0.33 0.33 0.33 0.33 0.67 0.67 0.67 0.67 1.
 1.   1.   1.   1.   1.33 1.33 1.33 1.33 1.33 1.33 1.33 1.33 1.33 1.33
 1.33 1.33 1.33 1.33 1.33 1.33 1.33 1.33 1.33 1.33 1.33 1.33 1.33 1.33
 1.33 1.33 1.33 1.33 1.33 1.33]"
55,55,4.2412333333333345,0.7552531090661897,"[9, 15, 14, 3, 11, 0, 5, 8, 14, 14, 7, 15, 5, 7, 6, 2, 8, 5, 0, 3, 9, 14, 1, 12, 14, 2, 9, 13, 8, 2, 9, 3, 2, 8, 10, 11, 10, 14, 4, 1, 5, 3, 10, 13, 10, 1, 0, 11]","[0.33 0.33 0.33 0.33 0.33 0.33 0.33 0.33 0.67 1.   1.   1.   1.   1.
 1.   1.   1.   1.   1.   1.   1.   1.33 1.33 1.33 1.67 1.67 1.67 1.67
 1.67 1.67 1.67 1.67 1.67 1.67 1.67 1.67 1.67 2.   2.   2.   2.   2.
 2.   2.   2.   2.   2.   2.  ]"
56,56,4.846300000000001,0.7514768435208588,"[1, 14, 2, 6, 6, 0, 12, 1, 14, 7, 15, 4, 9, 13, 9, 11, 15, 14, 7, 13, 7, 2, 14, 9, 8, 7, 3, 3, 11, 6, 9, 4, 2, 11, 11, 4, 4, 12, 2, 10, 3, 8, 8, 12, 13, 0, 6, 5]","[0.33 0.33 0.33 0.33 0.67 0.67 0.67 0.67 0.67 0.67 0.67 0.67 0.67 0.67
 0.67 0.67 0.67 1.   1.   1.   1.   1.   1.33 1.33 1.33 1.33 1.33 1.33
 1.33 1.33 1.33 1.33 1.33 1.33 1.33 1.33 1.33 1.33 1.33 1.33 1.33 1.33
 1.33 1.33 1.33 1.33 1.33 1.33]"
57,57,4.310000000000002,0.7477194593032545,"[9, 12, 12, 7, 6, 5, 7, 2, 8, 2, 14, 3, 1, 14, 14, 5, 14, 1, 15, 0, 14, 4, 0, 12, 13, 11, 0, 7, 3, 12, 1, 10, 9, 11, 5, 3, 1, 11, 11, 7, 9, 8, 9, 0, 13, 0, 3, 6]","[0.33 0.33 0.67 0.67 0.67 0.67 0.67 0.67 0.67 0.67 0.67 0.67 0.67 0.67
 1.   1.   1.33 1.33 1.33 1.33 1.67 1.67 1.67 1.67 1.67 1.67 1.67 1.67
 1.67 1.67 1.67 1.67 1.67 1.67 1.67 1.67 1.67 1.67 1.67 1.67 1.67 1.67
 1.67 1.67 1.67 1.67 1.67 1.67]"
58,58,2.6358333333333324,0.7439808620067382,"[1, 6, 8, 12, 7, 4, 9, 5, 8, 8, 10, 14, 4, 14, 0, 11, 5, 4, 15, 4, 15, 0, 13, 5, 1, 14, 5, 8, 4, 4, 4, 4, 4, 9, 10, 11, 10, 13, 10, 6, 12, 14, 13, 9, 7, 2, 2, 11]","[0.33 0.33 0.33 0.33 0.33 0.33 0.33 0.33 0.67 1.   1.   1.   1.   1.
 1.   1.   1.   1.   1.   1.33 1.33 1.33 1.33 1.33 1.33 1.33 1.33 1.33
 1.67 2.   2.33 2.67 3.   3.   3.   3.   3.   3.   3.   3.   3.   3.
 3.   3.   3.   3.   3.   3.  ]"
59,59,5.743666666666666,0.7402609576967045,"[1, 12, 11, 5, 1, 9, 0, 10, 15, 9, 15, 6, 15, 15, 3, 8, 14, 4, 3, 1, 7, 14, 0, 7, 6, 0, 5, 11, 9, 4, 6, 6, 7, 5, 12, 12, 4, 11, 3, 14, 0, 1, 3, 14, 4, 13, 11, 7]","[0.33 0.33 0.33 0.33 0.67 0.67 0.67 0.67 0.67 0.67 0.67 0.67 1.   1.33
 1.33 1.33 1.33 1.33 1.33 1.33 1.33 1.33 1.33 1.33 1.33 1.33 1.33 1.33
 1.33 1.33 1.33 1.33 1.33 1.33 1.33 1.33 1.33 1.33 1.33 1.33 1.33 1.33
 1.33 1.33 1.33 1.33 1.33 1.33]"
60,60,4.224233333333336,0.736559652908221,"[7, 0, 13, 9, 4, 7, 3, 10, 6, 11, 12, 0, 8, 7, 2, 0, 14, 11, 9, 14, 9, 3, 3, 7, 9, 15, 1, 12, 14, 14, 12, 13, 12, 3, 13, 15, 10, 5, 8, 6, 3, 6, 13, 15, 6, 3, 3, 8]","[0.33 0.33 0.33 0.33 0.33 0.67 0.67 0.67 0.67 0.67 0.67 0.67 0.67 1.
 1.   1.   1.   1.   1.   1.   1.   1.   1.   1.33 1.33 1.33 1.33 1.33
 1.33 1.33 1.33 1.33 1.33 1.33 1.33 1.33 1.33 1.33 1.33 1.33 1.67 1.67
 1.67 1.67 1.67 2.   2.33 2.33]"
61,61,4.308233333333336,0.7328768546436799,"[6, 11, 5, 0, 3, 5, 7, 14, 15, 5, 10, 10, 9, 5, 9, 10, 12, 14, 3, 6, 15, 13, 14, 1, 14, 2, 10, 14, 8, 0, 13, 9, 11, 9, 13, 0, 4, 6, 3, 7, 2, 0, 4, 4, 9, 8, 1, 2]","[0.33 0.33 0.33 0.33 0.33 0.67 0.67 0.67 0.67 1.   1.   1.   1.   1.33
 1.33 1.33 1.33 1.33 1.33 1.33 1.33 1.33 1.33 1.33 1.33 1.33 1.33 1.67
 1.67 1.67 1.67 1.67 1.67 1.67 1.67 1.67 1.67 1.67 1.67 1.67 1.67 1.67
 1.67 1.67 1.67 1.67 1.67 1.67]"
62,62,4.442866666666665,0.7292124703704616,"[14, 13, 6, 0, 13, 1, 3, 5, 14, 8, 5, 9, 13, 11, 13, 6, 7, 6, 6, 10, 5, 12, 3, 0, 1, 0, 8, 1, 15, 7, 1, 14, 3, 9, 4, 0, 2, 5, 14, 10, 9, 3, 4, 12, 11, 10, 4, 10]","[0.33 0.33 0.33 0.33 0.67 0.67 0.67 0.67 0.67 0.67 0.67 0.67 1.   1.
 1.33 1.33 1.33 1.33 1.33 1.33 1.33 1.33 1.33 1.33 1.33 1.33 1.33 1.33
 1.33 1.33 1.33 1.33 1.33 1.33 1.33 1.33 1.33 1.33 1.33 1.33 1.33 1.33
 1.33 1.33 1.33 1.33 1.33 1.33]"
63,63,4.484600000000002,0.7255664080186093,"[4, 11, 12, 10, 10, 14, 2, 6, 6, 4, 0, 14, 14, 14, 7, 1, 12, 10, 7, 10, 8, 15, 8, 15, 5, 1, 2, 7, 15, 8, 2, 2, 13, 9, 0, 0, 0, 13, 13, 15, 12, 12, 7, 8, 9, 6, 7, 7]","[0.33 0.33 0.33 0.33 0.67 0.67 0.67 0.67 0.67 0.67 0.67 0.67 1.   1.33
 1.33 1.33 1.33 1.33 1.33 1.33 1.33 1.33 1.33 1.33 1.33 1.33 1.33 1.33
 1.33 1.33 1.33 1.33 1.33 1.33 1.33 1.33 1.33 1.33 1.33 1.33 1.33 1.33
 1.33 1.33 1.33 1.33 1.67 2.  ]"
64,64,4.545733333333335,0.7219385759785162,"[7, 14, 12, 5, 10, 0, 14, 15, 15, 15, 8, 10, 3, 7, 4, 3, 0, 9, 15, 0, 13, 9, 8, 14, 12, 4, 13, 14, 8, 5, 10, 5, 11, 8, 0, 4, 10, 9, 7, 9, 3, 12, 1, 12, 11, 4, 13, 1]","[0.33 0.33 0.33 0.33 0.33 0.33 0.67 0.67 0.67 1.   1.   1.   1.   1.
 1.   1.   1.   1.   1.33 1.33 1.33 1.33 1.33 1.33 1.33 1.33 1.33 1.33
 1.33 1.33 1.33 1.33 1.33 1.33 1.33 1.33 1.33 1.33 1.33 1.33 1.33 1.33
 1.33 1.33 1.33 1.33 1.33 1.33]"
65,65,3.6182000000000003,0.7183288830986236,"[13, 10, 14, 7, 14, 9, 15, 8, 12, 4, 4, 7, 7, 11, 11, 11, 0, 1, 6, 11, 13, 8, 1, 4, 3, 7, 7, 0, 4, 3, 1, 13, 0, 1, 0, 3, 10, 5, 13, 15, 9, 10, 14, 7, 7, 8, 5, 5]","[0.33 0.33 0.33 0.33 0.67 0.67 0.67 0.67 0.67 0.67 0.67 0.67 1.   1.
 1.   1.   1.   1.   1.   1.33 1.33 1.33 1.33 1.33 1.33 1.33 1.67 1.67
 1.67 1.67 1.67 1.67 1.67 1.67 1.67 1.67 1.67 1.67 1.67 1.67 1.67 1.67
 1.67 2.   2.33 2.33 2.33 2.33]"
66,66,4.774233333333331,0.7147372386831305,"[1, 5, 13, 10, 14, 5, 14, 14, 9, 10, 11, 14, 1, 5, 11, 12, 11, 3, 2, 1, 15, 7, 6, 11, 7, 15, 12, 8, 0, 2, 8, 8, 13, 1, 15, 0, 8, 8, 2, 0, 3, 6, 15, 9, 13, 3, 7, 13]","[0.33 0.33 0.33 0.33 0.33 0.67 0.67 1.   1.   1.   1.   1.33 1.33 1.33
 1.33 1.33 1.33 1.33 1.33 1.33 1.33 1.33 1.33 1.33 1.33 1.33 1.33 1.33
 1.33 1.33 1.33 1.33 1.33 1.33 1.33 1.33 1.33 1.67 1.67 1.67 1.67 1.67
 1.67 1.67 1.67 1.67 1.67 1.67]"
67,67,5.089700000000001,0.7111635524897149,"[6, 14, 0, 13, 4, 11, 6, 3, 8, 6, 6, 9, 1, 14, 9, 5, 10, 14, 11, 2, 2, 15, 10, 4, 10, 2, 1, 1, 13, 13, 14, 10, 15, 1, 2, 8, 7, 3, 0, 3, 0, 8, 4, 7, 0, 7, 7, 11]","[0.33 0.33 0.33 0.33 0.33 0.33 0.67 0.67 0.67 1.   1.33 1.33 1.33 1.33
 1.33 1.33 1.33 1.33 1.33 1.33 1.33 1.33 1.33 1.33 1.33 1.33 1.33 1.33
 1.33 1.33 1.33 1.33 1.33 1.33 1.33 1.33 1.33 1.33 1.33 1.33 1.33 1.33
 1.33 1.33 1.33 1.33 1.33 1.33]"
68,68,5.6386666666666665,0.7076077347272662,"[14, 12, 7, 2, 5, 13, 14, 11, 14, 14, 15, 9, 5, 13, 1, 15, 4, 5, 8, 11, 4, 3, 13, 1, 12, 2, 0, 7, 2, 15, 3, 8, 5, 6, 15, 9, 10, 4, 9, 4, 6, 7, 0, 3, 9, 7, 3, 12]","[0.33 0.33 0.33 0.33 0.33 0.33 0.67 0.67 1.   1.33 1.33 1.33 1.33 1.33
 1.33 1.33 1.33 1.33 1.33 1.33 1.33 1.33 1.33 1.33 1.33 1.33 1.33 1.33
 1.33 1.33 1.33 1.33 1.33 1.33 1.33 1.33 1.33 1.33 1.33 1.33 1.33 1.33
 1.33 1.33 1.33 1.33 1.33 1.33]"
69,69,5.290066666666667,0.7040696960536299,"[7, 12, 1, 0, 14, 9, 5, 14, 14, 11, 7, 5, 4, 4, 4, 12, 4, 6, 5, 6, 0, 12, 6, 7, 7, 1, 2, 3, 1, 10, 11, 9, 13, 10, 7, 12, 0, 14, 11, 3, 3, 15, 15, 5, 10, 9, 7, 3]","[0.33 0.33 0.33 0.33 0.33 0.33 0.33 0.67 1.   1.   1.   1.   1.   1.
 1.   1.   1.33 1.33 1.33 1.33 1.33 1.33 1.33 1.33 1.33 1.33 1.33 1.33
 1.33 1.33 1.33 1.33 1.33 1.33 1.67 1.67 1.67 1.67 1.67 1.67 1.67 1.67
 1.67 1.67 1.67 1.67 2.   2.  ]"
70,70,3.3355666666666677,0.7005493475733617,"[0, 7, 3, 12, 15, 6, 0, 12, 7, 7, 8, 10, 2, 2, 15, 0, 14, 11, 0, 12, 14, 8, 15, 14, 15, 5, 0, 13, 10, 4, 5, 12, 6, 7, 10, 14, 10, 2, 9, 5, 2, 14, 3, 1, 13, 1, 3, 3]","[0.33 0.33 0.33 0.33 0.33 0.33 0.67 0.67 0.67 1.   1.   1.   1.   1.
 1.   1.   1.   1.   1.33 1.33 1.33 1.33 1.33 1.33 1.33 1.33 1.67 1.67
 1.67 1.67 1.67 1.67 1.67 1.67 1.67 1.67 1.67 1.67 1.67 1.67 1.67 1.67
 1.67 1.67 1.67 1.67 1.67 1.67]"
71,71,2.9733666666666667,0.697046600835495,"[7, 12, 7, 3, 13, 15, 9, 0, 13, 12, 12, 15, 10, 12, 11, 3, 0, 14, 11, 8, 0, 13, 1, 8, 14, 0, 3, 3, 8, 8, 15, 2, 11, 10, 9, 11, 15, 3, 7, 7, 5, 9, 9, 4, 6, 1, 10, 13]","[0.33 0.33 0.67 0.67 0.67 0.67 0.67 0.67 0.67 0.67 1.   1.   1.   1.33
 1.33 1.33 1.33 1.33 1.33 1.33 1.33 1.33 1.33 1.33 1.33 1.33 1.33 1.33
 1.33 1.33 1.33 1.33 1.33 1.33 1.33 1.33 1.33 1.67 1.67 1.67 1.67 1.67
 1.67 1.67 1.67 1.67 1.67 1.67]"
72,72,4.919533333333334,0.6935613678313175,"[10, 12, 6, 7, 14, 15, 7, 5, 9, 8, 7, 15, 6, 15, 6, 15, 0, 14, 11, 0, 4, 14, 6, 0, 2, 9, 11, 3, 3, 3, 5, 1, 11, 14, 0, 3, 5, 13, 12, 4, 11, 12, 1, 9, 2, 10, 12, 1]","[0.33 0.33 0.33 0.33 0.33 0.33 0.67 0.67 0.67 0.67 1.   1.   1.   1.
 1.   1.33 1.33 1.33 1.33 1.33 1.33 1.33 1.33 1.33 1.33 1.33 1.33 1.33
 1.33 1.33 1.33 1.33 1.33 1.33 1.33 1.33 1.33 1.33 1.33 1.33 1.33 1.33
 1.33 1.33 1.33 1.33 1.33 1.33]"
73,73,3.6303,0.6900935609921609,"[14, 5, 7, 1, 14, 3, 14, 5, 0, 14, 15, 11, 4, 4, 3, 4, 14, 0, 9, 11, 14, 5, 13, 10, 7, 1, 8, 1, 5, 11, 6, 3, 7, 8, 5, 10, 8, 7, 12, 12, 3, 0, 11, 12, 13, 12, 2, 0]","[0.33 0.33 0.33 0.33 0.67 0.67 1.   1.   1.   1.33 1.33 1.33 1.33 1.33
 1.33 1.33 1.67 1.67 1.67 1.67 2.   2.   2.   2.   2.   2.   2.   2.
 2.   2.   2.   2.   2.   2.   2.   2.   2.   2.   2.   2.   2.   2.
 2.   2.   2.   2.   2.   2.  ]"
74,74,4.872999999999999,0.6866430931872001,"[7, 9, 6, 4, 9, 8, 6, 14, 7, 11, 14, 12, 14, 3, 6, 7, 13, 4, 12, 7, 0, 1, 10, 10, 11, 3, 1, 1, 6, 9, 9, 4, 10, 10, 4, 2, 0, 3, 5, 13, 11, 8, 1, 14, 3, 11, 3, 2]","[0.33 0.33 0.33 0.33 0.67 0.67 0.67 0.67 0.67 0.67 0.67 0.67 1.   1.
 1.   1.   1.   1.   1.   1.33 1.33 1.33 1.33 1.33 1.33 1.33 1.33 1.33
 1.33 1.33 1.33 1.33 1.33 1.33 1.33 1.33 1.33 1.33 1.33 1.33 1.33 1.33
 1.33 1.33 1.33 1.33 1.67 1.67]"
75,75,4.994433333333332,0.6832098777212641,"[0, 12, 12, 0, 7, 12, 6, 7, 4, 2, 1, 3, 1, 9, 7, 11, 10, 9, 13, 7, 12, 5, 6, 15, 0, 5, 4, 11, 14, 13, 0, 14, 9, 8, 3, 7, 3, 14, 11, 10, 11, 2, 5, 11, 13, 3, 15, 2]","[0.33 0.33 0.67 0.67 0.67 1.   1.   1.   1.   1.   1.   1.   1.   1.
 1.   1.   1.   1.   1.   1.33 1.33 1.33 1.33 1.33 1.33 1.33 1.33 1.33
 1.33 1.33 1.33 1.33 1.33 1.33 1.33 1.67 1.67 1.67 1.67 1.67 1.67 1.67
 1.67 1.67 1.67 1.67 1.67 1.67]"
76,76,4.019166666666666,0.6797938283326578,"[0, 14, 0, 12, 12, 15, 7, 3, 7, 7, 3, 4, 2, 7, 2, 11, 13, 15, 14, 10, 11, 3, 11, 0, 9, 2, 10, 10, 8, 2, 9, 0, 8, 11, 9, 6, 1, 9, 12, 10, 3, 4, 8, 12, 15, 15, 3, 4]","[0.33 0.33 0.67 0.67 0.67 0.67 0.67 0.67 0.67 1.   1.   1.   1.   1.33
 1.33 1.33 1.33 1.33 1.33 1.33 1.33 1.33 1.33 1.33 1.33 1.33 1.33 1.33
 1.33 1.33 1.33 1.33 1.33 1.33 1.33 1.33 1.33 1.33 1.33 1.33 1.33 1.33
 1.33 1.33 1.33 1.33 1.67 1.67]"
77,77,3.959800000000002,0.6763948591909945,"[3, 12, 8, 6, 12, 2, 3, 2, 7, 11, 10, 9, 9, 0, 9, 14, 10, 14, 7, 3, 0, 7, 9, 3, 2, 2, 4, 11, 3, 14, 7, 15, 13, 12, 13, 8, 6, 11, 8, 11, 15, 15, 8, 3, 15, 0, 10, 4]","[0.33 0.33 0.33 0.33 0.67 0.67 0.67 0.67 0.67 0.67 0.67 0.67 0.67 0.67
 1.   1.   1.   1.   1.   1.   1.   1.   1.33 1.33 1.33 1.33 1.33 1.33
 1.67 1.67 1.67 1.67 1.67 1.67 1.67 1.67 1.67 1.67 1.67 1.67 1.67 1.67
 1.67 2.   2.   2.   2.   2.  ]"
78,78,4.003033333333335,0.6730128848950395,"[7, 2, 3, 14, 6, 6, 11, 15, 9, 14, 8, 7, 6, 9, 10, 4, 1, 7, 3, 3, 11, 14, 9, 14, 5, 12, 3, 4, 7, 7, 6, 0, 3, 5, 11, 0, 1, 4, 9, 12, 0, 0, 3, 8, 3, 10, 1, 11]","[0.33 0.33 0.33 0.33 0.33 0.67 0.67 0.67 0.67 0.67 0.67 0.67 1.   1.
 1.   1.   1.   1.   1.   1.   1.   1.   1.   1.33 1.33 1.33 1.33 1.33
 1.33 1.67 1.67 1.67 1.67 1.67 1.67 1.67 1.67 1.67 1.67 1.67 1.67 1.67
 2.   2.   2.33 2.33 2.33 2.33]"
79,79,5.471233333333337,0.6696478204705644,"[4, 11, 12, 9, 0, 7, 12, 13, 3, 13, 14, 15, 7, 0, 0, 7, 12, 6, 5, 2, 13, 13, 2, 4, 10, 9, 10, 2, 5, 10, 15, 12, 3, 4, 11, 3, 6, 15, 6, 3, 8, 3, 3, 3, 8, 11, 3, 7]","[0.33 0.33 0.33 0.33 0.33 0.33 0.67 0.67 0.67 0.67 0.67 0.67 0.67 0.67
 1.   1.   1.   1.   1.   1.   1.   1.33 1.33 1.33 1.33 1.33 1.33 1.33
 1.33 1.33 1.33 1.33 1.33 1.33 1.33 1.33 1.33 1.33 1.33 1.33 1.33 1.67
 2.   2.33 2.33 2.33 2.67 2.67]"
80,80,5.324333333333333,0.6662995813682115,"[5, 3, 2, 12, 10, 2, 8, 8, 14, 10, 12, 11, 14, 3, 13, 9, 0, 9, 7, 10, 9, 9, 0, 8, 7, 7, 0, 10, 2, 14, 14, 4, 3, 1, 5, 15, 15, 13, 4, 15, 12, 3, 8, 11, 0, 11, 5, 2]","[0.33 0.33 0.33 0.33 0.33 0.67 0.67 0.67 0.67 0.67 0.67 0.67 0.67 0.67
 0.67 0.67 0.67 0.67 0.67 1.   1.   1.33 1.33 1.33 1.33 1.33 1.33 1.33
 1.33 1.33 1.33 1.33 1.33 1.33 1.33 1.33 1.33 1.33 1.33 1.33 1.33 1.33
 1.33 1.33 1.33 1.33 1.33 1.33]"
81,81,3.681366666666668,0.6629680834613705,"[6, 13, 14, 14, 2, 6, 9, 6, 11, 9, 13, 14, 15, 5, 7, 13, 9, 3, 10, 13, 7, 12, 0, 12, 5, 12, 3, 14, 9, 0, 9, 12, 5, 11, 15, 3, 7, 9, 1, 9, 0, 0, 6, 7, 3, 4, 5, 2]","[0.33 0.33 0.33 0.67 0.67 0.67 0.67 1.   1.   1.   1.   1.   1.   1.
 1.   1.   1.   1.   1.   1.33 1.33 1.33 1.33 1.33 1.33 1.33 1.33 1.33
 1.33 1.33 1.67 1.67 1.67 1.67 1.67 1.67 1.67 2.   2.   2.33 2.33 2.33
 2.33 2.33 2.33 2.33 2.33 2.33]"
82,82,4.092366666666666,0.6596532430440636,"[6, 6, 12, 7, 7, 6, 11, 7, 8, 14, 4, 6, 15, 3, 4, 15, 7, 0, 10, 3, 3, 1, 0, 15, 3, 14, 2, 9, 15, 1, 9, 2, 10, 0, 13, 0, 8, 10, 12, 10, 12, 9, 2, 13, 5, 2, 4, 12]","[0.33 0.67 0.67 0.67 0.67 1.   1.   1.   1.   1.   1.   1.33 1.33 1.33
 1.33 1.33 1.33 1.33 1.33 1.33 1.33 1.33 1.33 1.33 1.33 1.33 1.33 1.33
 1.33 1.33 1.33 1.33 1.33 1.33 1.33 1.33 1.33 1.33 1.33 1.33 1.33 1.33
 1.33 1.33 1.33 1.33 1.33 1.33]"
83,83,5.6227333333333345,0.6563549768288433,"[5, 9, 7, 6, 14, 3, 0, 14, 0, 15, 12, 7, 6, 3, 14, 11, 3, 11, 2, 5, 3, 8, 10, 1, 2, 10, 11, 9, 15, 0, 15, 9, 10, 7, 12, 6, 6, 14, 11, 0, 2, 4, 13, 15, 4, 8, 4, 4]","[0.33 0.33 0.33 0.33 0.33 0.33 0.33 0.67 0.67 0.67 0.67 0.67 0.67 0.67
 1.   1.   1.   1.   1.   1.   1.33 1.33 1.33 1.33 1.33 1.33 1.33 1.33
 1.33 1.33 1.33 1.33 1.33 1.33 1.33 1.33 1.33 1.33 1.33 1.33 1.33 1.33
 1.33 1.33 1.33 1.33 1.33 1.33]"
84,84,4.909733333333333,0.653073201944699,"[3, 8, 10, 5, 6, 15, 14, 14, 14, 11, 15, 9, 5, 4, 13, 14, 4, 3, 14, 7, 5, 6, 0, 0, 2, 5, 4, 3, 3, 1, 0, 6, 15, 9, 2, 13, 9, 11, 7, 7, 8, 10, 8, 1, 0, 15, 8, 4]","[0.33 0.33 0.33 0.33 0.33 0.33 0.33 0.67 1.   1.   1.   1.   1.   1.
 1.   1.33 1.33 1.33 1.67 1.67 1.67 1.67 1.67 1.67 1.67 1.67 1.67 1.67
 1.67 1.67 1.67 1.67 1.67 1.67 1.67 1.67 1.67 1.67 1.67 1.67 1.67 1.67
 1.67 1.67 1.67 1.67 1.67 1.67]"
85,85,3.4558333333333353,0.6498078359349755,"[0, 14, 5, 14, 7, 10, 14, 14, 8, 8, 6, 4, 5, 10, 2, 4, 3, 0, 6, 10, 3, 8, 0, 9, 0, 6, 10, 9, 9, 1, 9, 6, 15, 5, 5, 8, 7, 1, 3, 3, 13, 13, 3, 11, 4, 4, 15, 11]","[0.33 0.33 0.33 0.67 0.67 0.67 1.   1.33 1.33 1.33 1.33 1.33 1.33 1.33
 1.33 1.33 1.33 1.33 1.33 1.33 1.33 1.33 1.33 1.33 1.33 1.33 1.33 1.33
 1.33 1.33 1.33 1.33 1.33 1.33 1.33 1.33 1.33 1.33 1.33 1.33 1.33 1.33
 1.67 1.67 1.67 1.67 1.67 1.67]"
86,86,4.250799999999997,0.6465587967553006,"[4, 11, 13, 12, 12, 12, 4, 9, 10, 15, 0, 13, 4, 0, 14, 1, 1, 10, 13, 10, 15, 7, 4, 11, 3, 8, 8, 13, 1, 2, 1, 8, 2, 0, 0, 12, 14, 3, 3, 11, 11, 7, 8, 14, 3, 2, 14, 9]","[0.33 0.33 0.33 0.33 0.67 1.   1.   1.   1.   1.   1.   1.   1.   1.
 1.   1.   1.   1.   1.   1.   1.   1.   1.33 1.33 1.33 1.33 1.33 1.33
 1.33 1.33 1.33 1.33 1.33 1.33 1.33 1.33 1.33 1.33 1.33 1.33 1.33 1.33
 1.33 1.33 1.33 1.33 1.33 1.33]"
87,87,3.2856333333333345,0.6433260027715241,"[8, 2, 12, 6, 6, 9, 2, 8, 10, 8, 13, 6, 0, 11, 14, 11, 7, 13, 8, 14, 7, 3, 13, 15, 0, 0, 0, 6, 13, 10, 7, 14, 10, 14, 11, 9, 5, 13, 9, 11, 4, 4, 7, 3, 13, 4, 13, 13]","[0.33 0.33 0.33 0.33 0.67 0.67 0.67 0.67 0.67 1.   1.   1.   1.   1.
 1.   1.   1.   1.   1.33 1.33 1.33 1.33 1.33 1.33 1.33 1.33 1.33 1.33
 1.33 1.33 1.33 1.33 1.33 1.33 1.33 1.33 1.33 1.67 1.67 1.67 1.67 1.67
 1.67 1.67 2.   2.   2.33 2.67]"
88,88,6.168866666666668,0.6401093727576664,"[3, 12, 14, 2, 5, 12, 13, 4, 4, 5, 6, 12, 7, 10, 3, 0, 2, 12, 6, 13, 10, 5, 0, 1, 3, 4, 3, 7, 9, 13, 11, 15, 10, 15, 9, 8, 9, 2, 1, 11, 14, 7, 8, 11, 3, 1, 11, 13]","[0.33 0.33 0.33 0.33 0.33 0.67 0.67 0.67 0.67 0.67 0.67 1.   1.   1.
 1.   1.   1.   1.33 1.33 1.33 1.33 1.33 1.33 1.33 1.33 1.33 1.33 1.33
 1.33 1.33 1.33 1.33 1.33 1.33 1.33 1.33 1.33 1.33 1.33 1.33 1.33 1.33
 1.33 1.33 1.67 1.67 1.67 1.67]"
89,89,5.582933333333332,0.6369088258938781,"[3, 12, 12, 0, 4, 12, 13, 0, 1, 1, 2, 11, 8, 15, 4, 4, 2, 11, 7, 3, 13, 13, 9, 8, 9, 7, 1, 14, 15, 6, 0, 1, 6, 5, 3, 15, 11, 3, 4, 3, 12, 13, 8, 2, 7, 7, 15, 8]","[0.33 0.33 0.67 0.67 0.67 1.   1.   1.   1.   1.   1.   1.   1.   1.
 1.   1.   1.   1.   1.   1.   1.   1.   1.   1.   1.   1.   1.   1.
 1.   1.   1.   1.33 1.33 1.33 1.33 1.33 1.33 1.33 1.33 1.67 1.67 1.67
 1.67 1.67 1.67 1.67 1.67 1.67]"
90,90,4.500366666666667,0.6337242817644086,"[12, 5, 7, 1, 14, 13, 7, 8, 8, 7, 9, 10, 14, 7, 6, 1, 6, 8, 8, 4, 13, 14, 3, 15, 2, 0, 1, 4, 13, 2, 12, 4, 4, 12, 0, 3, 11, 11, 12, 0, 10, 6, 10, 10, 1, 3, 14, 3]","[0.33 0.33 0.33 0.33 0.33 0.33 0.67 0.67 0.67 1.   1.   1.   1.   1.33
 1.33 1.33 1.33 1.33 1.33 1.33 1.33 1.33 1.33 1.33 1.33 1.33 1.33 1.33
 1.33 1.33 1.33 1.33 1.33 1.33 1.33 1.33 1.33 1.33 1.33 1.33 1.33 1.33
 1.33 1.33 1.33 1.33 1.33 1.33]"
91,91,4.544266666666669,0.6305556603555866,"[11, 2, 14, 2, 5, 5, 11, 5, 6, 10, 4, 9, 6, 1, 0, 1, 0, 7, 1, 4, 7, 13, 0, 4, 10, 12, 13, 13, 0, 0, 4, 8, 5, 0, 8, 7, 11, 6, 11, 4, 6, 7, 14, 2, 9, 2, 3, 3]","[0.33 0.33 0.33 0.67 0.67 0.67 0.67 1.   1.   1.   1.   1.   1.   1.
 1.   1.   1.   1.   1.   1.   1.   1.   1.   1.   1.   1.   1.   1.
 1.33 1.67 1.67 1.67 1.67 2.   2.   2.   2.   2.   2.   2.   2.   2.
 2.   2.   2.   2.   2.   2.  ]"
92,92,3.040766666666667,0.6274028820538087,"[8, 2, 12, 9, 12, 0, 1, 12, 11, 6, 12, 10, 15, 0, 1, 4, 13, 8, 11, 3, 7, 8, 12, 12, 12, 1, 10, 2, 8, 3, 13, 0, 4, 6, 6, 15, 9, 4, 1, 13, 9, 14, 0, 2, 10, 10, 4, 3]","[0.33 0.33 0.33 0.33 0.67 0.67 0.67 1.   1.   1.   1.33 1.33 1.33 1.33
 1.33 1.33 1.33 1.33 1.33 1.33 1.33 1.33 1.67 2.   2.33 2.33 2.33 2.33
 2.33 2.33 2.33 2.33 2.33 2.33 2.33 2.33 2.33 2.33 2.33 2.33 2.33 2.33
 2.33 2.33 2.33 2.33 2.33 2.33]"
93,93,3.506366666666666,0.6242658676435396,"[10, 7, 0, 14, 2, 3, 9, 14, 7, 0, 12, 6, 4, 1, 1, 12, 2, 7, 4, 5, 2, 0, 13, 0, 0, 4, 2, 0, 12, 12, 7, 6, 1, 11, 7, 14, 3, 9, 5, 13, 15, 15, 5, 3, 9, 15, 3, 15]","[0.33 0.33 0.33 0.33 0.33 0.33 0.33 0.67 0.67 0.67 0.67 0.67 0.67 0.67
 0.67 0.67 0.67 1.   1.   1.   1.   1.   1.   1.33 1.67 1.67 1.67 2.
 2.   2.   2.   2.   2.   2.   2.   2.   2.   2.   2.   2.   2.   2.
 2.   2.   2.   2.   2.   2.  ]"
94,94,5.209266666666666,0.6211445383053219,"[14, 3, 4, 1, 11, 12, 8, 1, 0, 11, 15, 1, 0, 7, 7, 10, 7, 13, 5, 7, 13, 8, 3, 3, 6, 9, 2, 0, 12, 2, 0, 3, 9, 13, 10, 15, 10, 10, 9, 15, 14, 2, 6, 7, 7, 7, 5, 4]","[0.33 0.33 0.33 0.33 0.33 0.33 0.33 0.67 0.67 0.67 0.67 1.   1.   1.
 1.   1.   1.   1.   1.   1.33 1.33 1.33 1.33 1.33 1.33 1.33 1.33 1.33
 1.33 1.33 1.33 1.33 1.33 1.33 1.33 1.33 1.33 1.33 1.33 1.33 1.33 1.33
 1.33 1.67 2.   2.33 2.33 2.33]"
95,95,5.007100000000003,0.6180388156137953,"[3, 12, 7, 1, 3, 10, 0, 6, 14, 14, 5, 2, 9, 1, 3, 9, 9, 9, 15, 7, 12, 14, 12, 13, 5, 8, 13, 8, 5, 5, 10, 1, 7, 14, 4, 3, 10, 15, 1, 13, 0, 7, 15, 6, 15, 10, 13, 8]","[0.33 0.33 0.33 0.33 0.67 0.67 0.67 0.67 0.67 0.67 0.67 0.67 0.67 0.67
 1.   1.   1.   1.33 1.33 1.33 1.33 1.33 1.33 1.33 1.33 1.33 1.33 1.33
 1.33 1.33 1.33 1.33 1.33 1.33 1.33 1.33 1.33 1.33 1.33 1.33 1.33 1.33
 1.33 1.33 1.33 1.33 1.33 1.33]"
96,96,3.131266666666666,0.6149486215357263,"[0, 11, 13, 14, 13, 8, 13, 2, 0, 14, 14, 12, 5, 5, 13, 9, 1, 12, 10, 2, 0, 12, 8, 10, 5, 13, 1, 5, 2, 1, 7, 1, 0, 2, 1, 3, 1, 12, 15, 11, 11, 5, 10, 7, 9, 6, 5, 3]","[0.33 0.33 0.33 0.33 0.67 0.67 1.   1.   1.   1.   1.   1.   1.   1.
 1.33 1.33 1.33 1.33 1.33 1.33 1.33 1.33 1.33 1.33 1.33 1.67 1.67 1.67
 1.67 1.67 1.67 1.67 1.67 1.67 1.67 1.67 2.   2.   2.   2.   2.   2.
 2.   2.   2.   2.   2.   2.  ]"
97,97,5.102199999999998,0.6118738784280476,"[3, 0, 12, 1, 3, 4, 12, 7, 1, 5, 2, 15, 13, 2, 5, 0, 2, 15, 1, 8, 0, 6, 0, 3, 13, 14, 3, 10, 14, 12, 6, 4, 13, 7, 10, 1, 10, 12, 8, 0, 5, 7, 15, 5, 10, 0, 0, 2]","[0.33 0.33 0.33 0.33 0.67 0.67 0.67 0.67 0.67 0.67 0.67 0.67 0.67 0.67
 0.67 0.67 1.   1.   1.   1.   1.   1.   1.33 1.33 1.33 1.33 1.33 1.33
 1.33 1.33 1.33 1.33 1.33 1.33 1.33 1.33 1.33 1.33 1.33 1.67 1.67 1.67
 1.67 1.67 1.67 2.   2.33 2.33]"
98,98,4.378499999999999,0.6088145090359074,"[14, 1, 12, 4, 5, 8, 14, 4, 12, 12, 0, 11, 11, 3, 10, 3, 6, 3, 15, 1, 4, 9, 3, 9, 1, 4, 7, 9, 9, 13, 3, 7, 14, 0, 3, 5, 0, 3, 3, 8, 5, 14, 1, 11, 6, 7, 12, 6]","[0.33 0.33 0.33 0.33 0.33 0.33 0.67 0.67 0.67 1.   1.   1.   1.   1.
 1.   1.   1.   1.   1.   1.   1.   1.   1.33 1.33 1.33 1.33 1.33 1.33
 1.33 1.33 1.67 1.67 1.67 1.67 2.   2.   2.   2.33 2.67 2.67 2.67 2.67
 2.67 2.67 2.67 2.67 2.67 2.67]"
99,99,4.1520333333333355,0.6057704364907278,"[7, 1, 13, 12, 10, 14, 0, 14, 15, 9, 15, 1, 12, 6, 15, 4, 7, 0, 0, 1, 1, 1, 4, 14, 5, 5, 15, 0, 6, 5, 7, 12, 3, 6, 13, 5, 11, 11, 3, 4, 2, 4, 2, 8, 3, 3, 8, 3]","[0.33 0.33 0.33 0.33 0.33 0.33 0.33 0.67 0.67 0.67 0.67 0.67 0.67 0.67
 1.   1.   1.   1.   1.   1.   1.33 1.67 1.67 1.67 1.67 1.67 1.67 1.67
 1.67 1.67 1.67 1.67 1.67 1.67 1.67 1.67 1.67 1.67 1.67 1.67 1.67 1.67
 1.67 1.67 1.67 1.67 1.67 1.67]"
100,100,4.843400000000002,0.6027415843082742,"[2, 5, 13, 8, 15, 12, 12, 11, 1, 3, 3, 14, 4, 12, 8, 5, 12, 0, 10, 8, 13, 13, 7, 7, 13, 2, 3, 3, 15, 9, 1, 15, 11, 5, 7, 0, 7, 11, 10, 11, 0, 8, 14, 2, 2, 10, 6, 6]","[0.33 0.33 0.33 0.33 0.33 0.33 0.67 0.67 0.67 0.67 0.67 0.67 0.67 1.
 1.   1.   1.33 1.33 1.33 1.33 1.33 1.33 1.33 1.33 1.33 1.33 1.33 1.33
 1.33 1.33 1.33 1.33 1.33 1.33 1.33 1.33 1.33 1.33 1.33 1.33 1.33 1.33
 1.33 1.33 1.33 1.33 1.33 1.33]"
101,101,4.77353333333333,0.5997278763867329,"[3, 10, 3, 15, 3, 7, 7, 7, 7, 9, 0, 0, 14, 12, 9, 4, 6, 12, 13, 12, 6, 15, 13, 8, 4, 5, 5, 4, 5, 9, 2, 9, 8, 2, 3, 0, 13, 3, 5, 15, 8, 11, 3, 3, 2, 8, 11, 10]","[0.33 0.33 0.67 0.67 1.   1.   1.   1.   1.33 1.33 1.33 1.33 1.33 1.33
 1.33 1.33 1.33 1.33 1.33 1.33 1.33 1.33 1.33 1.33 1.33 1.33 1.33 1.33
 1.33 1.33 1.33 1.33 1.33 1.33 1.33 1.33 1.33 1.67 1.67 1.67 1.67 1.67
 2.   2.33 2.33 2.33 2.33 2.33]"
102,102,2.3455333333333335,0.5967292370047992,"[3, 5, 5, 9, 8, 3, 4, 8, 6, 2, 3, 8, 11, 14, 3, 11, 6, 8, 14, 6, 3, 5, 4, 15, 4, 2, 11, 15, 0, 6, 3, 7, 3, 3, 0, 11, 0, 3, 3, 12, 2, 13, 1, 13, 3, 2, 3, 1]","[0.33 0.33 0.67 0.67 0.67 0.67 0.67 0.67 0.67 0.67 1.   1.   1.   1.
 1.33 1.33 1.33 1.33 1.33 1.33 1.67 1.67 1.67 1.67 1.67 1.67 1.67 1.67
 1.67 1.67 2.   2.   2.33 2.67 2.67 2.67 2.67 3.   3.33 3.33 3.33 3.33
 3.33 3.33 3.67 3.67 4.   4.  ]"
103,103,4.482533333333335,0.5937455908197752,"[13, 9, 12, 11, 6, 5, 14, 7, 14, 14, 7, 6, 8, 7, 1, 8, 3, 15, 13, 8, 5, 5, 3, 2, 15, 14, 14, 2, 3, 3, 10, 15, 0, 0, 6, 6, 9, 7, 8, 11, 2, 2, 9, 12, 1, 5, 15, 5]","[0.33 0.33 0.33 0.33 0.33 0.33 0.33 0.33 0.67 1.   1.   1.   1.   1.
 1.   1.   1.   1.   1.   1.   1.   1.   1.   1.   1.   1.33 1.67 1.67
 1.67 1.67 1.67 1.67 1.67 1.67 1.67 1.67 1.67 1.67 1.67 1.67 1.67 1.67
 1.67 1.67 1.67 1.67 1.67 1.67]"
104,104,3.4027000000000007,0.5907768628656763,"[5, 13, 2, 14, 14, 12, 12, 14, 7, 5, 4, 13, 12, 6, 13, 13, 12, 10, 3, 14, 8, 15, 0, 10, 9, 12, 7, 6, 10, 10, 6, 3, 5, 11, 10, 7, 11, 11, 9, 11, 9, 2, 5, 8, 4, 15, 9, 7]","[0.33 0.33 0.33 0.33 0.67 0.67 0.67 1.   1.   1.   1.   1.   1.   1.
 1.   1.33 1.33 1.33 1.33 1.33 1.33 1.33 1.33 1.33 1.33 1.67 1.67 1.67
 1.67 1.67 1.67 1.67 1.67 1.67 1.67 1.67 1.67 1.67 1.67 1.67 1.67 1.67
 1.67 1.67 1.67 1.67 1.67 1.67]"
105,105,5.227566666666667,0.5878229785513479,"[8, 11, 9, 11, 13, 3, 4, 5, 1, 2, 14, 4, 13, 10, 3, 3, 3, 8, 14, 13, 1, 10, 13, 11, 9, 0, 15, 0, 1, 4, 1, 14, 7, 7, 6, 0, 5, 14, 2, 7, 9, 0, 5, 11, 15, 4, 5, 7]","[0.33 0.33 0.33 0.67 0.67 0.67 0.67 0.67 0.67 0.67 0.67 0.67 0.67 0.67
 0.67 1.   1.33 1.33 1.33 1.33 1.33 1.33 1.33 1.33 1.33 1.33 1.33 1.33
 1.33 1.33 1.33 1.33 1.33 1.33 1.33 1.33 1.33 1.33 1.33 1.33 1.33 1.33
 1.33 1.33 1.33 1.33 1.33 1.33]"
106,106,3.1316333333333337,0.5848838636585911,"[4, 1, 12, 1, 1, 7, 9, 5, 9, 13, 15, 7, 2, 2, 5, 4, 1, 5, 14, 5, 1, 15, 5, 15, 13, 5, 8, 12, 4, 10, 12, 6, 2, 10, 12, 8, 2, 10, 11, 11, 11, 3, 13, 7, 8, 15, 9, 5]","[0.33 0.33 0.33 0.67 1.   1.   1.   1.   1.   1.   1.   1.   1.   1.
 1.   1.   1.33 1.33 1.33 1.33 1.67 1.67 1.67 1.67 1.67 2.   2.   2.
 2.   2.   2.   2.   2.   2.   2.   2.   2.   2.   2.   2.   2.   2.
 2.   2.   2.   2.   2.   2.33]"
107,107,4.431466666666666,0.5819594443402982,"[13, 9, 10, 15, 3, 12, 13, 11, 15, 3, 7, 5, 8, 9, 9, 4, 5, 5, 5, 1, 15, 12, 14, 3, 7, 3, 10, 0, 2, 8, 14, 5, 0, 7, 9, 7, 5, 12, 0, 4, 5, 13, 12, 6, 1, 2, 10, 10]","[0.33 0.33 0.33 0.33 0.33 0.33 0.67 0.67 0.67 0.67 0.67 0.67 0.67 0.67
 1.   1.   1.   1.   1.33 1.33 1.33 1.33 1.33 1.33 1.33 1.33 1.33 1.33
 1.33 1.33 1.33 1.67 1.67 1.67 1.67 1.67 2.   2.   2.   2.   2.33 2.33
 2.33 2.33 2.33 2.33 2.33 2.33]"
108,108,3.251533333333334,0.5790496471185967,"[3, 5, 5, 7, 3, 6, 7, 15, 5, 9, 12, 9, 7, 11, 0, 7, 15, 5, 4, 10, 14, 8, 0, 3, 0, 6, 3, 10, 8, 5, 5, 10, 5, 10, 13, 9, 2, 6, 2, 8, 2, 6, 4, 0, 13, 5, 2, 13]","[0.33 0.33 0.67 0.67 0.67 0.67 0.67 0.67 1.   1.   1.   1.   1.   1.
 1.   1.33 1.33 1.33 1.33 1.33 1.33 1.33 1.33 1.33 1.33 1.33 1.33 1.33
 1.33 1.67 2.   2.   2.33 2.33 2.33 2.33 2.33 2.33 2.33 2.33 2.33 2.33
 2.33 2.33 2.33 2.67 2.67 2.67]"
109,109,5.1439666666666675,0.5761543988830038,"[2, 8, 0, 11, 11, 5, 5, 2, 12, 13, 5, 5, 12, 1, 6, 11, 14, 13, 8, 12, 9, 8, 7, 14, 7, 3, 12, 7, 9, 0, 3, 7, 9, 8, 13, 0, 1, 14, 1, 4, 10, 2, 0, 10, 11, 2, 4, 5]","[0.33 0.33 0.33 0.33 0.67 0.67 0.67 0.67 0.67 0.67 1.   1.33 1.33 1.33
 1.33 1.33 1.33 1.33 1.33 1.33 1.33 1.33 1.33 1.33 1.33 1.33 1.33 1.33
 1.33 1.33 1.33 1.33 1.33 1.33 1.33 1.33 1.33 1.33 1.33 1.33 1.33 1.33
 1.33 1.33 1.33 1.33 1.33 1.67]"
110,110,3.868300000000001,0.5732736268885887,"[8, 7, 2, 12, 12, 3, 12, 1, 7, 4, 13, 0, 12, 7, 13, 13, 15, 10, 10, 7, 3, 5, 14, 3, 14, 11, 15, 0, 3, 15, 1, 13, 8, 0, 14, 15, 8, 14, 6, 9, 13, 13, 9, 2, 5, 10, 6, 6]","[0.33 0.33 0.33 0.33 0.67 0.67 1.   1.   1.   1.   1.   1.   1.33 1.33
 1.33 1.33 1.33 1.33 1.33 1.33 1.33 1.33 1.33 1.33 1.33 1.33 1.33 1.33
 1.33 1.33 1.33 1.33 1.33 1.33 1.33 1.33 1.33 1.33 1.33 1.33 1.67 2.
 2.   2.   2.   2.   2.   2.  ]"
111,111,3.5720333333333345,0.5704072587541458,"[5, 14, 13, 0, 1, 14, 15, 5, 8, 14, 7, 13, 8, 8, 11, 5, 7, 10, 7, 5, 12, 1, 13, 13, 3, 1, 11, 7, 14, 8, 15, 10, 11, 9, 10, 5, 4, 9, 11, 10, 4, 5, 4, 1, 5, 9, 2, 3]","[0.33 0.33 0.33 0.33 0.33 0.67 0.67 0.67 0.67 1.   1.   1.   1.   1.
 1.   1.   1.   1.   1.   1.33 1.33 1.33 1.33 1.33 1.33 1.33 1.33 1.33
 1.33 1.33 1.33 1.33 1.33 1.33 1.33 1.67 1.67 1.67 1.67 1.67 1.67 2.
 2.   2.   2.33 2.33 2.33 2.33]"
112,112,6.056633333333334,0.567555222460375,"[5, 2, 0, 14, 13, 4, 5, 14, 8, 13, 1, 3, 14, 8, 10, 11, 2, 10, 11, 7, 11, 11, 6, 9, 1, 3, 1, 0, 10, 15, 1, 5, 7, 7, 9, 4, 2, 3, 10, 5, 4, 7, 6, 14, 8, 0, 15, 5]","[0.33 0.33 0.33 0.33 0.33 0.33 0.67 0.67 0.67 0.67 0.67 0.67 1.   1.
 1.   1.   1.   1.   1.   1.   1.   1.33 1.33 1.33 1.33 1.33 1.33 1.33
 1.33 1.33 1.33 1.33 1.33 1.33 1.33 1.33 1.33 1.33 1.33 1.33 1.33 1.33
 1.33 1.33 1.33 1.33 1.33 1.67]"
113,113,2.3814,0.5647174463480732,"[9, 1, 5, 13, 14, 10, 4, 3, 11, 1, 1, 5, 8, 3, 14, 14, 7, 5, 5, 8, 3, 3, 3, 11, 15, 11, 7, 8, 14, 4, 5, 4, 5, 2, 5, 5, 5, 12, 5, 8, 15, 5, 15, 11, 10, 13, 5, 5]","[0.33 0.33 0.33 0.33 0.33 0.33 0.33 0.33 0.33 0.67 1.   1.   1.   1.
 1.   1.   1.   1.   1.33 1.33 1.33 1.33 1.67 1.67 1.67 1.67 1.67 1.67
 1.67 1.67 1.67 1.67 2.   2.   2.33 2.67 3.   3.   3.33 3.33 3.33 3.67
 3.67 3.67 3.67 3.67 4.   4.33]"
114,114,4.433166666666667,0.5618938591163328,"[12, 2, 5, 8, 14, 6, 2, 12, 10, 6, 12, 0, 6, 9, 14, 0, 2, 15, 6, 10, 10, 1, 5, 0, 0, 5, 9, 10, 3, 13, 14, 14, 11, 15, 15, 1, 5, 2, 7, 1, 8, 11, 7, 15, 13, 7, 4, 12]","[0.33 0.33 0.33 0.33 0.33 0.33 0.67 0.67 0.67 0.67 1.   1.   1.   1.
 1.   1.   1.   1.   1.33 1.33 1.33 1.33 1.33 1.33 1.33 1.33 1.33 1.33
 1.33 1.33 1.33 1.33 1.33 1.33 1.33 1.33 1.33 1.33 1.33 1.33 1.33 1.33
 1.33 1.33 1.33 1.33 1.33 1.33]"
115,115,2.0214333333333343,0.5590843898207511,"[3, 5, 5, 11, 7, 5, 6, 12, 14, 7, 5, 5, 8, 5, 9, 7, 3, 7, 14, 1, 14, 11, 15, 11, 0, 6, 10, 3, 6, 9, 14, 9, 5, 5, 5, 6, 4, 4, 15, 4, 1, 9, 4, 0, 5, 2, 10, 3]","[0.33 0.33 0.67 0.67 0.67 1.   1.   1.   1.   1.   1.33 1.67 1.67 2.
 2.   2.   2.   2.   2.   2.   2.   2.   2.   2.   2.   2.   2.   2.
 2.   2.   2.   2.   2.33 2.67 3.   3.   3.   3.   3.   3.   3.   3.
 3.   3.   3.33 3.33 3.33 3.33]"
116,116,4.9914666666666685,0.5562889678716474,"[13, 2, 5, 14, 14, 12, 5, 10, 15, 9, 15, 15, 15, 11, 5, 0, 10, 4, 14, 10, 1, 12, 0, 7, 10, 9, 11, 12, 2, 12, 3, 7, 5, 11, 7, 6, 3, 2, 3, 9, 4, 13, 11, 9, 8, 1, 4, 4]","[0.33 0.33 0.33 0.33 0.67 0.67 0.67 0.67 0.67 0.67 0.67 1.   1.33 1.33
 1.33 1.33 1.33 1.33 1.33 1.33 1.33 1.33 1.33 1.33 1.33 1.33 1.33 1.33
 1.33 1.33 1.33 1.33 1.33 1.33 1.33 1.33 1.33 1.33 1.33 1.33 1.33 1.33
 1.33 1.33 1.33 1.33 1.33 1.33]"
117,117,3.882966666666666,0.5535075230322891,"[7, 8, 4, 13, 12, 4, 3, 4, 5, 15, 13, 14, 2, 8, 6, 14, 12, 3, 7, 10, 14, 12, 8, 11, 5, 5, 4, 9, 5, 8, 7, 14, 15, 10, 5, 1, 5, 11, 5, 13, 5, 15, 10, 10, 12, 1, 13, 11]","[0.33 0.33 0.33 0.33 0.33 0.67 0.67 1.   1.   1.   1.   1.   1.   1.
 1.   1.   1.   1.   1.   1.   1.   1.   1.   1.   1.   1.   1.33 1.33
 1.33 1.33 1.33 1.33 1.33 1.33 1.67 1.67 2.   2.   2.33 2.33 2.67 2.67
 2.67 2.67 2.67 2.67 2.67 2.67]"
118,118,3.045666666666667,0.5507399854171277,"[8, 7, 1, 11, 12, 9, 14, 4, 12, 12, 12, 4, 4, 9, 4, 7, 6, 4, 10, 7, 12, 2, 1, 14, 9, 0, 1, 5, 3, 1, 2, 11, 3, 0, 5, 7, 6, 5, 2, 0, 5, 13, 13, 5, 3, 9, 6, 5]","[0.33 0.33 0.33 0.33 0.33 0.33 0.33 0.33 0.67 1.   1.33 1.33 1.33 1.33
 1.33 1.33 1.33 1.67 1.67 1.67 1.67 1.67 1.67 1.67 1.67 1.67 1.67 1.67
 1.67 1.67 1.67 1.67 1.67 1.67 1.67 1.67 1.67 1.67 1.67 1.67 1.67 1.67
 1.67 1.67 1.67 1.67 1.67 2.  ]"
119,119,4.135766666666667,0.547986285490042,"[0, 14, 5, 8, 14, 0, 5, 8, 8, 0, 0, 12, 7, 6, 12, 5, 7, 9, 5, 10, 14, 3, 8, 15, 12, 9, 10, 3, 1, 10, 2, 2, 4, 4, 15, 7, 0, 3, 2, 13, 9, 10, 15, 5, 15, 12, 4, 1]","[0.33 0.33 0.33 0.33 0.67 0.67 0.67 0.67 1.   1.   1.33 1.33 1.33 1.33
 1.33 1.33 1.33 1.33 1.33 1.33 1.33 1.33 1.33 1.33 1.33 1.33 1.33 1.33
 1.33 1.33 1.33 1.33 1.33 1.33 1.33 1.33 1.67 1.67 1.67 1.67 1.67 1.67
 1.67 1.67 1.67 1.67 1.67 1.67]"
120,120,1.5100666666666676,0.5452463540625918,"[3, 11, 9, 9, 14, 3, 14, 13, 3, 2, 1, 14, 14, 0, 14, 15, 14, 10, 6, 7, 2, 14, 14, 8, 2, 15, 3, 4, 2, 7, 5, 13, 3, 13, 10, 11, 13, 5, 8, 9, 12, 0, 10, 5, 5, 1, 9, 6]","[0.33 0.33 0.33 0.67 0.67 0.67 0.67 0.67 1.   1.   1.   1.   1.33 1.33
 1.67 1.67 2.   2.   2.   2.   2.   2.33 2.67 2.67 2.67 2.67 2.67 2.67
 2.67 2.67 2.67 2.67 2.67 2.67 2.67 2.67 2.67 2.67 2.67 2.67 2.67 2.67
 2.67 2.67 2.67 2.67 2.67 2.67]"
121,121,2.253966666666667,0.5425201222922789,"[11, 15, 5, 6, 5, 7, 3, 10, 7, 11, 0, 0, 5, 5, 0, 2, 4, 10, 11, 10, 8, 14, 5, 5, 0, 4, 7, 4, 11, 13, 7, 5, 9, 10, 12, 15, 1, 4, 5, 15, 3, 12, 6, 13, 5, 5, 2, 12]","[0.33 0.33 0.33 0.33 0.67 0.67 0.67 0.67 0.67 0.67 0.67 0.67 1.   1.33
 1.33 1.33 1.33 1.33 1.33 1.33 1.33 1.33 1.67 2.   2.   2.   2.   2.
 2.   2.   2.   2.33 2.33 2.33 2.33 2.33 2.33 2.33 2.67 2.67 2.67 2.67
 2.67 2.67 3.   3.33 3.33 3.33]"
122,122,3.4187333333333343,0.5398075216808175,"[10, 5, 12, 9, 0, 13, 10, 7, 15, 14, 14, 9, 10, 15, 15, 9, 11, 0, 9, 10, 2, 7, 7, 9, 1, 9, 2, 4, 8, 3, 3, 15, 6, 3, 3, 2, 13, 1, 11, 13, 8, 8, 13, 8, 5, 7, 5, 11]","[0.33 0.33 0.33 0.33 0.33 0.33 0.67 0.67 0.67 0.67 0.67 0.67 1.   1.
 1.   1.   1.   1.   1.33 1.33 1.33 1.33 1.33 1.67 1.67 2.   2.   2.
 2.   2.   2.   2.   2.   2.   2.   2.   2.   2.   2.   2.   2.   2.
 2.   2.   2.   2.   2.   2.  ]"
123,123,4.385866666666667,0.5371084840724134,"[8, 4, 10, 11, 15, 11, 7, 7, 14, 13, 4, 8, 10, 11, 6, 4, 4, 9, 7, 10, 11, 12, 15, 1, 5, 10, 13, 2, 5, 9, 6, 1, 3, 7, 5, 8, 5, 9, 6, 2, 6, 13, 1, 0, 5, 2, 2, 15]","[0.33 0.33 0.33 0.33 0.33 0.67 0.67 0.67 0.67 0.67 0.67 0.67 0.67 1.
 1.   1.   1.33 1.33 1.33 1.33 1.33 1.33 1.33 1.33 1.33 1.33 1.33 1.33
 1.33 1.33 1.33 1.33 1.33 1.33 1.33 1.33 1.33 1.33 1.33 1.33 1.33 1.33
 1.33 1.33 1.67 1.67 1.67 1.67]"
124,124,2.7601000000000013,0.5344229416520513,"[15, 15, 5, 12, 7, 12, 14, 7, 11, 3, 3, 5, 11, 5, 8, 2, 3, 3, 3, 14, 3, 4, 0, 3, 7, 1, 1, 14, 3, 13, 5, 12, 13, 10, 0, 1, 3, 2, 0, 1, 14, 13, 7, 3, 3, 12, 15, 3]","[0.33 0.67 0.67 0.67 0.67 0.67 0.67 0.67 0.67 0.67 0.67 0.67 0.67 1.
 1.   1.   1.   1.33 1.67 1.67 2.   2.   2.   2.33 2.33 2.33 2.33 2.33
 2.67 2.67 2.67 2.67 2.67 2.67 2.67 2.67 3.   3.   3.   3.   3.   3.
 3.   3.33 3.67 3.67 3.67 4.  ]"
125,125,3.9021666666666674,0.531750826943791,"[13, 5, 14, 15, 12, 14, 9, 12, 2, 1, 2, 2, 12, 8, 12, 7, 14, 15, 13, 13, 13, 13, 6, 10, 9, 14, 6, 1, 13, 11, 8, 7, 7, 4, 5, 10, 0, 6, 15, 8, 9, 4, 0, 5, 10, 8, 0, 5]","[0.33 0.33 0.33 0.33 0.33 0.67 0.67 0.67 0.67 0.67 0.67 1.   1.   1.
 1.33 1.33 1.33 1.33 1.33 1.33 1.33 1.67 1.67 1.67 1.67 1.67 1.67 1.67
 2.   2.   2.   2.   2.   2.   2.   2.   2.   2.   2.   2.   2.   2.
 2.   2.   2.   2.   2.   2.  ]"
126,126,2.7776666666666663,0.5290920728090721,"[3, 5, 9, 7, 7, 7, 4, 11, 0, 1, 7, 14, 7, 8, 1, 4, 2, 10, 0, 0, 0, 1, 4, 1, 4, 10, 11, 13, 3, 12, 5, 5, 8, 5, 12, 10, 8, 12, 2, 15, 10, 8, 5, 15, 15, 9, 3, 5]","[0.33 0.33 0.33 0.33 0.67 1.   1.   1.   1.   1.   1.33 1.33 1.67 1.67
 1.67 1.67 1.67 1.67 1.67 1.67 1.67 1.67 1.67 1.67 1.67 1.67 1.67 1.67
 1.67 1.67 1.67 1.67 1.67 1.67 1.67 1.67 1.67 1.67 1.67 1.67 1.67 1.67
 1.67 1.67 1.67 1.67 1.67 2.  ]"
127,127,4.136366666666667,0.5264466124450268,"[14, 1, 3, 4, 1, 4, 15, 1, 11, 5, 4, 5, 13, 4, 10, 13, 15, 7, 0, 15, 1, 3, 7, 2, 15, 0, 3, 9, 2, 13, 13, 12, 0, 8, 0, 5, 8, 12, 5, 9, 2, 9, 10, 8, 2, 12, 6, 3]","[0.33 0.33 0.33 0.33 0.67 0.67 0.67 1.   1.   1.   1.   1.   1.   1.33
 1.33 1.33 1.33 1.33 1.33 1.33 1.33 1.33 1.33 1.33 1.33 1.33 1.33 1.33
 1.33 1.33 1.33 1.33 1.33 1.33 1.33 1.33 1.33 1.33 1.33 1.33 1.33 1.33
 1.33 1.33 1.33 1.33 1.33 1.33]"
128,128,2.858266666666668,0.5238143793828016,"[15, 11, 5, 7, 8, 9, 8, 8, 14, 5, 7, 14, 5, 5, 5, 9, 14, 3, 7, 8, 2, 3, 0, 7, 2, 13, 3, 11, 0, 0, 14, 6, 12, 10, 11, 9, 11, 5, 13, 15, 9, 4, 1, 5, 5, 2, 10, 6]","[0.33 0.33 0.33 0.33 0.33 0.33 0.67 1.   1.   1.   1.   1.   1.   1.33
 1.67 1.67 1.67 1.67 1.67 1.67 1.67 1.67 1.67 1.67 1.67 1.67 1.67 1.67
 1.67 1.67 1.67 1.67 1.67 1.67 1.67 1.67 1.67 2.   2.   2.   2.   2.
 2.   2.33 2.67 2.67 2.67 2.67]"
129,129,2.179733333333334,0.5211953074858876,"[5, 1, 5, 0, 1, 1, 2, 1, 0, 7, 0, 11, 3, 14, 3, 6, 0, 0, 0, 15, 12, 9, 4, 3, 11, 13, 4, 13, 7, 5, 5, 3, 12, 7, 7, 5, 13, 2, 10, 8, 5, 11, 4, 2, 15, 12, 5, 6]","[0.33 0.33 0.67 0.67 0.67 1.   1.   1.33 1.33 1.33 1.33 1.33 1.33 1.33
 1.33 1.33 1.33 1.67 2.   2.   2.   2.   2.   2.   2.   2.   2.   2.
 2.   2.   2.   2.   2.   2.   2.   2.   2.   2.   2.   2.   2.   2.
 2.   2.   2.   2.   2.33 2.33]"
130,130,2.3011000000000013,0.5185893309484582,"[10, 4, 11, 2, 11, 6, 5, 13, 14, 11, 5, 5, 13, 9, 8, 5, 5, 10, 5, 12, 1, 8, 1, 11, 7, 12, 12, 12, 5, 4, 14, 7, 4, 10, 1, 14, 15, 5, 5, 9, 4, 14, 5, 10, 13, 13, 6, 5]","[0.33 0.33 0.33 0.33 0.67 0.67 0.67 0.67 0.67 1.   1.   1.   1.   1.
 1.   1.33 1.67 1.67 2.   2.   2.   2.   2.   2.   2.   2.   2.   2.
 2.33 2.33 2.33 2.33 2.33 2.33 2.33 2.33 2.33 2.67 3.   3.   3.   3.
 3.33 3.33 3.33 3.33 3.33 3.67]"
131,131,3.309033333333334,0.5159963842937159,"[4, 1, 13, 0, 1, 1, 5, 13, 13, 1, 7, 12, 13, 10, 8, 11, 12, 10, 10, 7, 5, 5, 1, 1, 10, 3, 7, 2, 3, 14, 6, 6, 3, 4, 0, 12, 5, 12, 7, 15, 8, 6, 2, 14, 5, 2, 0, 5]","[0.33 0.33 0.33 0.33 0.67 1.   1.   1.   1.   1.33 1.33 1.33 1.33 1.33
 1.33 1.33 1.33 1.33 1.33 1.33 1.33 1.33 1.67 2.   2.   2.   2.   2.
 2.   2.   2.   2.   2.   2.   2.   2.   2.   2.   2.   2.   2.   2.
 2.   2.   2.   2.   2.   2.  ]"
132,132,3.8765666666666676,0.5134164023722473,"[2, 5, 13, 10, 14, 4, 7, 13, 15, 14, 14, 4, 12, 15, 9, 5, 8, 4, 2, 6, 8, 0, 8, 8, 10, 4, 5, 10, 0, 12, 8, 15, 5, 15, 14, 2, 13, 13, 9, 7, 10, 1, 6, 9, 6, 0, 9, 1]","[0.33 0.33 0.33 0.33 0.33 0.33 0.33 0.67 0.67 0.67 1.   1.   1.   1.
 1.   1.   1.   1.   1.   1.   1.   1.   1.   1.33 1.33 1.33 1.33 1.33
 1.33 1.33 1.67 1.67 1.67 1.67 1.67 1.67 1.67 1.67 1.67 1.67 1.67 1.67
 1.67 1.67 1.67 1.67 1.67 1.67]"
133,133,2.8013333333333335,0.510849320360386,"[8, 6, 8, 4, 6, 2, 13, 12, 9, 0, 8, 1, 3, 15, 5, 13, 1, 5, 5, 3, 6, 7, 5, 8, 7, 12, 5, 5, 5, 5, 6, 2, 11, 5, 10, 11, 9, 13, 1, 7, 5, 1, 9, 15, 4, 0, 4, 5]","[0.33 0.33 0.67 0.67 0.67 0.67 0.67 0.67 0.67 0.67 1.   1.   1.   1.
 1.   1.   1.   1.   1.   1.   1.   1.   1.33 1.33 1.33 1.33 1.67 2.
 2.33 2.67 2.67 2.67 2.67 3.   3.   3.   3.   3.   3.   3.   3.33 3.33
 3.33 3.33 3.33 3.33 3.33 3.67]"
134,134,3.7807666666666675,0.5082950737585841,"[6, 5, 13, 11, 5, 13, 3, 6, 13, 14, 10, 12, 4, 5, 11, 11, 7, 0, 4, 8, 5, 11, 5, 7, 0, 3, 1, 7, 5, 4, 10, 7, 13, 6, 6, 15, 0, 2, 0, 12, 12, 9, 9, 10, 1, 14, 14, 8]","[0.33 0.33 0.33 0.33 0.67 0.67 0.67 0.67 1.   1.   1.   1.   1.   1.
 1.   1.   1.   1.   1.   1.   1.33 1.33 1.67 1.67 1.67 1.67 1.67 1.67
 2.   2.   2.   2.   2.   2.   2.   2.   2.   2.   2.   2.   2.   2.
 2.   2.   2.   2.   2.   2.  ]"
135,135,4.456866666666667,0.5057535983897912,"[3, 3, 12, 15, 5, 7, 11, 7, 0, 14, 0, 14, 1, 9, 14, 9, 5, 6, 9, 11, 4, 3, 3, 9, 1, 1, 7, 8, 2, 2, 3, 3, 13, 10, 14, 10, 5, 5, 8, 0, 6, 12, 7, 6, 6, 5, 2, 5]","[0.33 0.67 0.67 0.67 0.67 0.67 0.67 0.67 0.67 0.67 0.67 0.67 0.67 0.67
 1.   1.   1.   1.   1.   1.   1.   1.   1.33 1.33 1.33 1.33 1.33 1.33
 1.33 1.33 1.67 2.   2.   2.   2.   2.   2.   2.   2.   2.   2.   2.
 2.   2.   2.   2.   2.   2.  ]"
136,136,1.5589333333333326,0.5032248303978422,"[5, 13, 15, 13, 13, 0, 5, 8, 7, 11, 5, 10, 7, 0, 0, 4, 8, 11, 5, 4, 7, 14, 7, 11, 5, 0, 8, 5, 3, 14, 5, 5, 5, 13, 5, 5, 10, 11, 4, 10, 3, 2, 5, 5, 3, 5, 12, 6]","[0.33 0.33 0.33 0.67 1.   1.   1.   1.   1.   1.   1.   1.   1.   1.
 1.   1.   1.   1.   1.33 1.33 1.33 1.33 1.33 1.33 1.67 1.67 1.67 2.
 2.   2.   2.33 2.67 3.   3.   3.33 3.67 3.67 3.67 3.67 3.67 3.67 3.67
 4.   4.33 4.33 4.67 4.67 4.67]"
137,137,6.553533333333333,0.500708706245853,"[13, 11, 11, 15, 5, 5, 10, 12, 0, 14, 4, 6, 15, 7, 9, 9, 3, 9, 7, 3, 9, 11, 1, 5, 6, 7, 1, 2, 14, 8, 4, 8, 7, 13, 12, 1, 0, 14, 4, 4, 10, 2, 3, 6, 10, 15, 0, 10]","[0.33 0.33 0.67 0.67 0.67 0.67 0.67 0.67 0.67 0.67 0.67 0.67 0.67 0.67
 0.67 0.67 0.67 1.   1.   1.   1.33 1.33 1.33 1.33 1.33 1.33 1.33 1.33
 1.33 1.33 1.33 1.33 1.33 1.33 1.33 1.33 1.33 1.33 1.33 1.33 1.33 1.33
 1.33 1.33 1.33 1.33 1.33 1.33]"
138,138,2.3092,0.4982051627146237,"[2, 1, 1, 1, 11, 13, 13, 5, 4, 5, 1, 4, 1, 6, 0, 7, 4, 3, 14, 11, 0, 9, 3, 5, 11, 7, 10, 5, 5, 5, 3, 5, 5, 15, 4, 10, 13, 0, 3, 10, 11, 7, 7, 0, 9, 9, 8, 12]","[0.33 0.33 0.67 1.   1.   1.   1.   1.   1.   1.   1.33 1.33 1.67 1.67
 1.67 1.67 1.67 1.67 1.67 1.67 1.67 1.67 1.67 1.67 1.67 1.67 1.67 1.67
 1.67 2.   2.   2.33 2.67 2.67 2.67 2.67 2.67 2.67 2.67 2.67 2.67 2.67
 2.67 2.67 2.67 2.67 2.67 2.67]"
139,139,5.762199999999999,0.49571413690105054,"[12, 1, 0, 7, 12, 11, 5, 14, 14, 9, 9, 0, 11, 3, 8, 4, 1, 7, 7, 11, 0, 6, 7, 8, 5, 5, 3, 13, 6, 8, 13, 10, 14, 5, 1, 3, 1, 9, 6, 0, 4, 5, 5, 13, 15, 5, 10, 10]","[0.33 0.33 0.33 0.33 0.67 0.67 0.67 0.67 0.67 0.67 0.67 0.67 0.67 0.67
 0.67 0.67 0.67 0.67 1.   1.   1.   1.   1.33 1.33 1.33 1.33 1.33 1.33
 1.33 1.33 1.33 1.33 1.33 1.33 1.33 1.33 1.33 1.33 1.33 1.33 1.33 1.67
 2.   2.   2.   2.33 2.33 2.33]"
140,140,3.0855333333333337,0.4932355662165453,"[8, 7, 7, 11, 4, 4, 7, 15, 5, 0, 3, 6, 7, 2, 3, 3, 1, 3, 4, 5, 11, 5, 5, 10, 9, 1, 5, 6, 5, 12, 11, 5, 5, 9, 9, 12, 15, 0, 11, 5, 5, 5, 15, 14, 6, 5, 5, 15]","[0.33 0.33 0.67 0.67 0.67 0.67 1.   1.   1.   1.   1.   1.   1.33 1.33
 1.33 1.33 1.33 1.33 1.33 1.33 1.33 1.33 1.33 1.33 1.33 1.33 1.67 1.67
 2.   2.   2.   2.33 2.67 2.67 2.67 2.67 2.67 2.67 2.67 3.   3.33 3.67
 3.67 3.67 3.67 4.   4.33 4.33]"
141,141,2.4578666666666678,0.4907693883854626,"[5, 10, 8, 0, 7, 14, 14, 0, 0, 6, 9, 15, 7, 7, 8, 13, 14, 13, 4, 1, 2, 12, 2, 0, 2, 0, 0, 15, 7, 14, 13, 10, 0, 3, 0, 0, 2, 13, 11, 11, 6, 15, 11, 4, 11, 12, 8, 5]","[0.33 0.33 0.33 0.33 0.33 0.33 0.67 0.67 1.   1.   1.   1.   1.   1.
 1.   1.   1.   1.   1.   1.   1.   1.   1.   1.33 1.33 1.67 2.   2.
 2.   2.   2.   2.   2.33 2.33 2.67 3.   3.   3.   3.   3.   3.   3.
 3.   3.   3.   3.   3.   3.  ]"
142,142,3.7279666666666667,0.4883155414435353,"[5, 13, 7, 11, 1, 4, 14, 2, 14, 0, 5, 11, 7, 14, 3, 3, 15, 3, 14, 14, 14, 6, 7, 12, 5, 9, 1, 2, 1, 5, 3, 11, 12, 8, 8, 5, 6, 15, 10, 5, 13, 5, 5, 2, 9, 2, 11, 9]","[0.33 0.33 0.33 0.33 0.33 0.33 0.33 0.33 0.67 0.67 0.67 0.67 0.67 1.
 1.   1.   1.   1.   1.33 1.67 2.   2.   2.   2.   2.   2.   2.   2.
 2.   2.   2.   2.   2.   2.   2.   2.   2.   2.   2.   2.   2.   2.33
 2.67 2.67 2.67 2.67 2.67 2.67]"
143,143,2.9578666666666673,0.4858739637363176,"[5, 13, 6, 14, 5, 10, 15, 12, 10, 7, 9, 9, 9, 15, 11, 15, 14, 8, 7, 7, 5, 15, 12, 13, 7, 8, 5, 9, 14, 5, 3, 5, 5, 2, 2, 3, 14, 6, 10, 4, 3, 0, 5, 2, 5, 3, 5, 10]","[0.33 0.33 0.33 0.33 0.67 0.67 0.67 0.67 0.67 0.67 0.67 0.67 1.   1.
 1.   1.   1.   1.   1.   1.   1.   1.33 1.33 1.33 1.33 1.33 1.33 1.33
 1.33 1.67 1.67 2.   2.33 2.33 2.33 2.33 2.33 2.33 2.33 2.33 2.33 2.33
 2.67 2.67 3.   3.   3.33 3.33]"
144,144,2.1495,0.483444593917636,"[8, 7, 8, 7, 10, 8, 13, 12, 15, 7, 7, 3, 8, 11, 3, 3, 7, 1, 9, 13, 10, 3, 0, 6, 5, 5, 15, 13, 4, 1, 14, 5, 7, 7, 15, 11, 9, 5, 13, 0, 14, 12, 5, 0, 0, 15, 2, 5]","[0.33 0.33 0.67 0.67 0.67 1.   1.   1.   1.   1.   1.33 1.33 1.33 1.33
 1.33 1.33 1.67 1.67 1.67 1.67 1.67 1.67 1.67 1.67 1.67 1.67 1.67 1.67
 1.67 1.67 1.67 1.67 2.   2.33 2.33 2.33 2.33 2.33 2.33 2.33 2.33 2.33
 2.33 2.33 2.33 2.33 2.33 2.33]"
145,145,1.9586999999999983,0.4810273709480478,"[2, 5, 13, 14, 14, 2, 12, 5, 1, 2, 0, 0, 0, 10, 14, 15, 10, 10, 10, 12, 5, 14, 6, 10, 10, 10, 8, 12, 10, 15, 9, 0, 13, 5, 9, 1, 7, 4, 1, 1, 9, 1, 15, 11, 15, 9, 1, 11]","[0.33 0.33 0.33 0.33 0.67 0.67 0.67 0.67 0.67 1.   1.   1.   1.   1.
 1.   1.   1.   1.   1.33 1.33 1.33 1.33 1.33 1.67 2.   2.33 2.33 2.33
 2.67 2.67 2.67 2.67 2.67 2.67 2.67 2.67 2.67 2.67 2.67 2.67 2.67 2.67
 2.67 2.67 2.67 2.67 2.67 2.67]"
146,146,2.223166666666669,0.47862223409330756,"[5, 3, 5, 7, 7, 3, 0, 0, 0, 2, 0, 7, 0, 6, 2, 0, 0, 12, 14, 1, 13, 1, 6, 11, 9, 3, 13, 5, 9, 8, 11, 14, 4, 3, 5, 11, 1, 5, 8, 14, 5, 8, 5, 5, 7, 13, 4, 10]","[0.33 0.33 0.67 0.67 0.67 0.67 0.67 0.67 1.   1.   1.33 1.33 1.67 1.67
 1.67 2.   2.33 2.33 2.33 2.33 2.33 2.33 2.33 2.33 2.33 2.33 2.33 2.33
 2.33 2.33 2.33 2.33 2.33 2.33 2.33 2.33 2.33 2.33 2.33 2.33 2.33 2.33
 2.33 2.67 2.67 2.67 2.67 2.67]"
147,147,4.329666666666668,0.47622912292284103,"[3, 6, 5, 7, 7, 8, 15, 7, 14, 14, 6, 3, 11, 11, 11, 3, 2, 8, 5, 9, 5, 5, 12, 3, 2, 5, 14, 9, 7, 2, 9, 13, 0, 0, 12, 0, 6, 5, 5, 5, 12, 4, 13, 2, 5, 8, 0, 1]","[0.33 0.33 0.33 0.33 0.67 0.67 0.67 1.   1.   1.   1.   1.   1.   1.
 1.   1.   1.   1.   1.   1.   1.   1.33 1.33 1.33 1.33 1.67 1.67 1.67
 1.67 1.67 1.67 1.67 1.67 1.67 1.67 1.67 1.67 2.   2.33 2.67 2.67 2.67
 2.67 2.67 3.   3.   3.   3.  ]"
148,148,2.101299999999999,0.4738479773082268,"[5, 13, 2, 4, 5, 5, 1, 1, 12, 13, 1, 1, 3, 15, 8, 1, 3, 15, 2, 3, 9, 5, 2, 7, 11, 6, 5, 13, 6, 0, 5, 8, 5, 2, 5, 3, 4, 0, 5, 9, 5, 0, 14, 7, 13, 14, 11, 8]","[0.33 0.33 0.33 0.33 0.67 1.   1.   1.   1.   1.   1.   1.33 1.33 1.33
 1.33 1.67 1.67 1.67 1.67 1.67 1.67 1.67 1.67 1.67 1.67 1.67 1.67 1.67
 1.67 1.67 2.   2.   2.33 2.33 2.67 2.67 2.67 2.67 3.   3.   3.33 3.33
 3.33 3.33 3.33 3.33 3.33 3.33]"
149,149,2.7518333333333342,0.47147873742168567,"[4, 1, 3, 4, 1, 12, 6, 13, 12, 6, 14, 7, 1, 7, 14, 5, 12, 1, 5, 6, 5, 12, 8, 7, 5, 5, 2, 3, 4, 6, 13, 7, 5, 9, 5, 3, 2, 5, 0, 0, 5, 8, 14, 0, 8, 9, 10, 10]","[0.33 0.33 0.33 0.67 0.67 0.67 0.67 0.67 0.67 0.67 0.67 0.67 1.   1.
 1.   1.   1.   1.33 1.33 1.33 1.33 1.33 1.33 1.33 1.33 1.67 1.67 1.67
 1.67 1.67 1.67 1.67 2.   2.   2.33 2.33 2.33 2.67 2.67 2.67 3.   3.
 3.   3.   3.   3.   3.   3.  ]"
150,150,3.6852666666666654,0.46912134373457726,"[5, 6, 11, 5, 3, 7, 12, 7, 5, 5, 14, 14, 10, 4, 10, 14, 10, 3, 13, 13, 1, 10, 7, 11, 15, 5, 9, 9, 0, 6, 7, 1, 12, 1, 1, 6, 6, 0, 5, 5, 4, 15, 3, 14, 4, 5, 13, 15]","[0.33 0.33 0.33 0.67 0.67 0.67 0.67 0.67 1.   1.33 1.33 1.33 1.33 1.33
 1.33 1.33 1.33 1.33 1.33 1.33 1.33 1.33 1.33 1.33 1.33 1.67 1.67 1.67
 1.67 1.67 1.67 1.67 1.67 1.67 1.67 1.67 1.67 1.67 2.   2.33 2.33 2.33
 2.33 2.33 2.33 2.67 2.67 2.67]"
151,151,3.496566666666666,0.46677573701590436,"[5, 13, 7, 15, 5, 7, 11, 5, 0, 8, 6, 5, 5, 5, 9, 6, 10, 1, 4, 14, 4, 12, 15, 14, 12, 3, 3, 6, 0, 5, 10, 4, 12, 10, 5, 1, 7, 8, 5, 10, 1, 0, 4, 2, 11, 5, 14, 14]","[0.33 0.33 0.33 0.33 0.67 0.67 0.67 1.   1.   1.   1.   1.33 1.67 2.
 2.   2.   2.   2.   2.   2.   2.   2.   2.   2.   2.   2.   2.   2.
 2.   2.33 2.33 2.33 2.33 2.33 2.67 2.67 2.67 2.67 3.   3.   3.   3.
 3.   3.   3.   3.33 3.33 3.33]"
152,152,4.496299999999999,0.46444185833082485,"[5, 13, 13, 5, 5, 11, 9, 10, 5, 7, 6, 14, 8, 4, 7, 7, 2, 1, 11, 12, 8, 2, 1, 14, 0, 14, 6, 1, 9, 6, 14, 5, 15, 7, 8, 2, 1, 6, 11, 5, 5, 2, 12, 4, 4, 3, 12, 10]","[0.33 0.33 0.67 0.67 1.   1.   1.   1.   1.33 1.33 1.33 1.33 1.33 1.33
 1.33 1.33 1.33 1.33 1.33 1.33 1.33 1.33 1.33 1.33 1.33 1.33 1.33 1.33
 1.33 1.33 1.33 1.67 1.67 1.67 1.67 1.67 1.67 1.67 1.67 2.   2.33 2.33
 2.33 2.33 2.33 2.33 2.33 2.33]"
153,153,4.269533333333333,0.46211964903917074,"[5, 12, 7, 7, 11, 6, 11, 8, 11, 10, 13, 3, 4, 11, 0, 12, 6, 12, 10, 11, 11, 9, 6, 0, 11, 13, 3, 2, 13, 1, 9, 5, 12, 3, 5, 1, 4, 7, 4, 10, 0, 14, 13, 7, 15, 5, 1, 9]","[0.33 0.33 0.33 0.67 0.67 0.67 0.67 0.67 1.   1.   1.   1.   1.   1.33
 1.33 1.33 1.33 1.33 1.33 1.67 2.   2.   2.   2.   2.33 2.33 2.33 2.33
 2.33 2.33 2.33 2.33 2.33 2.33 2.33 2.33 2.33 2.33 2.33 2.33 2.33 2.33
 2.33 2.33 2.33 2.33 2.33 2.33]"
154,154,4.218499999999998,0.4598090507939749,"[13, 11, 5, 14, 5, 5, 14, 4, 4, 4, 3, 8, 13, 7, 12, 0, 10, 1, 9, 6, 5, 13, 5, 0, 7, 13, 7, 0, 1, 1, 8, 5, 8, 2, 8, 15, 12, 7, 6, 9, 14, 3, 0, 1, 10, 15, 6, 5]","[0.33 0.33 0.33 0.33 0.67 1.   1.   1.   1.   1.   1.   1.   1.   1.
 1.   1.   1.   1.   1.   1.   1.33 1.33 1.67 1.67 1.67 1.67 1.67 1.67
 1.67 1.67 1.67 2.   2.   2.   2.   2.   2.   2.   2.   2.   2.   2.
 2.   2.   2.   2.   2.   2.33]"
155,155,1.9265000000000008,0.457510005540005,"[6, 5, 6, 4, 11, 11, 11, 8, 11, 5, 5, 15, 13, 10, 15, 11, 11, 3, 11, 11, 4, 12, 1, 4, 13, 0, 14, 0, 13, 0, 2, 9, 5, 10, 8, 12, 9, 5, 8, 6, 10, 5, 5, 4, 5, 5, 2, 5]","[0.33 0.33 0.67 0.67 0.67 0.67 1.   1.   1.33 1.33 1.33 1.33 1.33 1.33
 1.33 1.67 2.   2.   2.33 2.67 2.67 2.67 2.67 2.67 2.67 2.67 2.67 2.67
 2.67 2.67 2.67 2.67 2.67 2.67 2.67 2.67 2.67 2.67 2.67 2.67 2.67 2.67
 2.67 2.67 2.67 3.   3.   3.33]"
156,156,1.1840999999999997,0.45522245551230495,"[9, 1, 1, 1, 1, 12, 1, 11, 14, 4, 9, 4, 4, 3, 12, 8, 4, 4, 0, 3, 8, 3, 3, 8, 0, 15, 8, 6, 13, 10, 14, 14, 6, 9, 14, 5, 5, 5, 5, 7, 5, 11, 15, 10, 15, 15, 5, 0]","[0.33 0.33 0.67 1.   1.33 1.33 1.67 1.67 1.67 1.67 1.67 1.67 1.67 1.67
 1.67 1.67 1.67 1.67 1.67 1.67 1.67 1.67 1.67 1.67 1.67 1.67 1.67 1.67
 1.67 1.67 1.67 1.67 1.67 1.67 1.67 1.67 1.67 1.67 1.67 1.67 1.67 1.67
 1.67 1.67 1.67 1.67 2.   2.  ]"
157,157,3.3688000000000007,0.4529463432347434,"[5, 12, 7, 7, 14, 14, 13, 9, 5, 5, 0, 1, 15, 8, 3, 1, 9, 1, 11, 3, 7, 7, 7, 15, 0, 3, 3, 3, 9, 13, 6, 9, 8, 5, 5, 15, 2, 15, 10, 0, 12, 5, 11, 6, 14, 12, 12, 5]","[0.33 0.33 0.33 0.67 0.67 0.67 0.67 0.67 0.67 1.   1.   1.   1.   1.
 1.   1.   1.   1.   1.   1.   1.   1.33 1.67 1.67 1.67 1.67 1.67 1.67
 1.67 1.67 1.67 1.67 1.67 1.67 1.67 1.67 1.67 1.67 1.67 1.67 1.67 2.
 2.   2.   2.   2.   2.   2.33]"
158,158,4.972333333333333,0.4506816115185697,"[10, 11, 11, 3, 2, 15, 0, 6, 10, 13, 10, 14, 5, 15, 9, 2, 5, 11, 14, 5, 7, 10, 12, 1, 3, 9, 9, 7, 1, 3, 9, 2, 5, 0, 5, 4, 0, 1, 5, 11, 6, 8, 4, 5, 15, 2, 15, 3]","[0.33 0.33 0.67 0.67 0.67 0.67 0.67 0.67 0.67 0.67 1.   1.   1.   1.
 1.   1.   1.   1.   1.   1.   1.   1.33 1.33 1.33 1.33 1.33 1.33 1.33
 1.33 1.33 1.33 1.33 1.33 1.33 1.67 1.67 1.67 1.67 2.   2.   2.   2.
 2.   2.33 2.33 2.33 2.33 2.33]"
159,159,2.873066666666667,0.4484282034609769,"[3, 5, 5, 7, 7, 0, 0, 8, 14, 12, 2, 12, 12, 8, 5, 4, 1, 1, 1, 5, 6, 7, 5, 8, 1, 1, 3, 13, 1, 9, 15, 0, 14, 15, 5, 6, 4, 7, 5, 4, 5, 3, 15, 14, 3, 15, 4, 5]","[0.33 0.33 0.67 0.67 0.67 0.67 0.67 0.67 0.67 0.67 0.67 0.67 1.   1.
 1.   1.   1.   1.   1.   1.33 1.33 1.33 1.67 1.67 1.67 1.67 1.67 1.67
 2.   2.   2.   2.   2.   2.   2.   2.   2.   2.   2.33 2.33 2.67 2.67
 2.67 2.67 2.67 2.67 2.67 3.  ]"
160,160,2.4540333333333346,0.446186062443672,"[1, 13, 15, 12, 13, 12, 8, 9, 3, 12, 11, 7, 7, 8, 12, 12, 12, 13, 7, 0, 6, 1, 11, 11, 4, 4, 13, 13, 13, 14, 0, 5, 2, 5, 15, 3, 5, 2, 5, 0, 11, 10, 4, 7, 8, 8, 14, 9]","[0.33 0.33 0.33 0.33 0.67 0.67 0.67 0.67 0.67 1.   1.   1.   1.   1.
 1.33 1.67 2.   2.   2.   2.   2.   2.   2.   2.   2.   2.   2.   2.
 2.   2.   2.   2.   2.   2.   2.   2.   2.   2.   2.   2.   2.   2.
 2.   2.   2.   2.   2.   2.  ]"
161,161,4.3021999999999965,0.4439551321314536,"[3, 13, 12, 11, 13, 14, 13, 12, 15, 13, 4, 4, 7, 2, 5, 7, 9, 4, 0, 7, 6, 10, 6, 9, 12, 5, 8, 2, 5, 12, 1, 11, 4, 10, 5, 8, 5, 9, 5, 3, 5, 3, 14, 9, 14, 10, 8, 6]","[0.33 0.33 0.33 0.33 0.67 0.67 1.   1.   1.   1.33 1.33 1.33 1.33 1.33
 1.33 1.33 1.33 1.33 1.33 1.33 1.33 1.33 1.33 1.33 1.33 1.33 1.33 1.33
 1.33 1.33 1.33 1.33 1.33 1.33 1.33 1.33 1.67 1.67 2.   2.   2.33 2.33
 2.33 2.33 2.33 2.33 2.33 2.33]"
162,162,0.3923333333333338,0.4417353564707963,"[5, 13, 1, 13, 13, 5, 5, 1, 1, 1, 1, 14, 1, 8, 11, 4, 12, 13, 1, 5, 8, 4, 14, 2, 8, 7, 14, 0, 0, 6, 6, 12, 5, 5, 11, 2, 4, 4, 5, 14, 8, 0, 6, 10, 5, 5, 11, 6]","[0.33 0.33 0.33 0.67 1.   1.   1.   1.   1.   1.33 1.67 1.67 2.   2.
 2.   2.   2.   2.   2.33 2.33 2.33 2.33 2.33 2.33 2.33 2.33 2.33 2.33
 2.33 2.33 2.33 2.33 2.33 2.33 2.33 2.33 2.33 2.33 2.33 2.33 2.33 2.33
 2.33 2.33 2.67 3.   3.   3.  ]"
163,163,0.6533333333333333,0.43952667968844233,"[2, 4, 14, 5, 12, 5, 7, 7, 0, 0, 0, 0, 10, 7, 8, 2, 4, 0, 8, 14, 0, 0, 0, 9, 11, 4, 2, 0, 0, 0, 0, 12, 4, 11, 6, 10, 11, 5, 9, 5, 6, 13, 15, 1, 5, 5, 5, 5]","[0.33 0.33 0.33 0.33 0.33 0.67 0.67 0.67 0.67 0.67 1.   1.33 1.33 1.33
 1.33 1.33 1.33 1.67 1.67 1.67 2.   2.33 2.67 2.67 2.67 2.67 2.67 3.
 3.33 3.67 4.   4.   4.   4.   4.   4.   4.   4.   4.   4.   4.   4.
 4.   4.   4.   4.   4.   4.  ]"
164,164,3.0089999999999986,0.43732904629000013,"[5, 11, 13, 5, 3, 10, 14, 14, 11, 7, 7, 10, 4, 14, 1, 5, 7, 1, 10, 14, 2, 5, 5, 6, 11, 7, 11, 8, 5, 4, 15, 5, 5, 0, 3, 0, 12, 13, 5, 10, 2, 6, 3, 9, 13, 1, 12, 3]","[0.33 0.33 0.33 0.67 0.67 0.67 0.67 0.67 0.67 0.67 0.67 0.67 0.67 1.
 1.   1.   1.   1.   1.   1.33 1.33 1.33 1.67 1.67 1.67 1.67 1.67 1.67
 2.   2.   2.   2.33 2.67 2.67 2.67 2.67 2.67 2.67 3.   3.   3.   3.
 3.   3.   3.   3.   3.   3.  ]"
165,165,0.01763333333333312,0.4351424010585501,"[11, 9, 5, 12, 7, 4, 5, 6, 3, 4, 5, 5, 5, 5, 5, 14, 4, 10, 3, 9, 14, 10, 10, 10, 5, 7, 5, 5, 4, 2, 9, 15, 12, 14, 12, 9, 5, 0, 11, 5, 11, 3, 0, 8, 2, 3, 5, 0]","[0.33 0.33 0.33 0.33 0.33 0.33 0.67 0.67 0.67 0.67 1.   1.33 1.67 2.
 2.33 2.33 2.33 2.33 2.33 2.33 2.33 2.33 2.33 2.33 2.67 2.67 3.   3.33
 3.33 3.33 3.33 3.33 3.33 3.33 3.33 3.33 3.67 3.67 3.67 4.   4.   4.
 4.   4.   4.   4.   4.33 4.33]"
166,166,2.3228666666666666,0.43296668905325736,"[5, 13, 7, 14, 14, 7, 12, 4, 9, 10, 0, 6, 7, 9, 7, 7, 15, 7, 14, 11, 12, 8, 14, 1, 12, 12, 1, 8, 9, 5, 5, 0, 4, 5, 5, 11, 5, 10, 5, 0, 3, 4, 2, 5, 8, 10, 4, 4]","[0.33 0.33 0.33 0.33 0.67 0.67 0.67 0.67 0.67 0.67 0.67 0.67 1.   1.
 1.33 1.67 1.67 2.   2.   2.   2.   2.   2.   2.   2.   2.   2.   2.
 2.   2.   2.   2.   2.   2.   2.   2.   2.   2.   2.33 2.33 2.33 2.33
 2.33 2.67 2.67 2.67 2.67 2.67]"
167,167,3.7184000000000017,0.43080185560799106,"[9, 4, 1, 0, 1, 2, 1, 1, 14, 3, 5, 10, 0, 1, 9, 1, 12, 3, 15, 13, 15, 15, 8, 12, 7, 10, 6, 6, 4, 7, 0, 9, 7, 15, 13, 14, 6, 2, 3, 0, 5, 5, 14, 14, 5, 11, 5, 4]","[0.33 0.33 0.33 0.33 0.67 0.67 1.   1.33 1.33 1.33 1.33 1.33 1.33 1.67
 1.67 2.   2.   2.   2.   2.   2.   2.   2.   2.   2.   2.   2.   2.
 2.   2.   2.   2.   2.   2.   2.   2.   2.   2.   2.   2.   2.   2.
 2.   2.   2.   2.   2.   2.  ]"
168,168,1.510033333333334,0.4286478463299511,"[13, 11, 0, 14, 13, 3, 14, 11, 9, 9, 3, 0, 3, 1, 3, 14, 3, 5, 3, 15, 14, 1, 5, 5, 13, 9, 8, 1, 12, 9, 3, 3, 4, 9, 9, 9, 1, 4, 11, 7, 4, 8, 7, 4, 8, 15, 4, 8]","[0.33 0.33 0.33 0.33 0.67 0.67 0.67 0.67 0.67 0.67 0.67 0.67 1.   1.
 1.33 1.33 1.67 1.67 2.   2.   2.   2.   2.   2.   2.   2.   2.   2.
 2.   2.   2.33 2.67 2.67 2.67 2.67 2.67 2.67 2.67 2.67 2.67 2.67 2.67
 2.67 2.67 2.67 2.67 2.67 2.67]"
169,169,2.792766666666667,0.42650460709830135,"[14, 1, 6, 5, 13, 13, 5, 5, 1, 15, 1, 13, 0, 1, 9, 7, 12, 9, 12, 14, 13, 5, 10, 10, 15, 0, 15, 11, 14, 12, 12, 6, 15, 4, 13, 13, 8, 13, 13, 2, 2, 4, 0, 4, 4, 9, 3, 4]","[0.33 0.33 0.33 0.33 0.33 0.67 0.67 1.   1.   1.   1.   1.   1.   1.33
 1.33 1.33 1.33 1.33 1.33 1.33 1.33 1.33 1.33 1.33 1.33 1.33 1.33 1.33
 1.33 1.33 1.33 1.33 1.33 1.33 1.67 2.   2.   2.33 2.67 2.67 2.67 2.67
 2.67 2.67 2.67 2.67 2.67 2.67]"
170,170,2.1245999999999996,0.42437208406280985,"[6, 5, 13, 9, 6, 13, 4, 1, 1, 5, 1, 1, 5, 1, 6, 0, 14, 0, 1, 4, 5, 3, 8, 11, 4, 5, 5, 8, 10, 7, 15, 11, 12, 12, 14, 4, 11, 7, 7, 11, 6, 14, 11, 15, 11, 9, 9, 13]","[0.33 0.33 0.33 0.33 0.67 0.67 0.67 0.67 0.67 0.67 1.   1.33 1.33 1.67
 1.67 1.67 1.67 1.67 2.   2.   2.   2.   2.   2.   2.   2.   2.   2.
 2.   2.   2.   2.   2.   2.   2.   2.   2.   2.   2.   2.   2.   2.
 2.   2.   2.   2.   2.   2.  ]"
171,171,4.261133333333332,0.4222502236424958,"[14, 1, 6, 11, 11, 12, 4, 0, 7, 11, 0, 4, 12, 13, 6, 8, 5, 6, 11, 11, 14, 1, 15, 3, 6, 7, 9, 13, 2, 8, 3, 3, 5, 10, 2, 4, 11, 11, 5, 3, 11, 10, 4, 11, 14, 15, 0, 9]","[0.33 0.33 0.33 0.33 0.67 0.67 0.67 0.67 0.67 1.   1.   1.   1.   1.
 1.   1.   1.   1.   1.33 1.67 1.67 1.67 1.67 1.67 1.67 1.67 1.67 1.67
 1.67 1.67 1.67 1.67 1.67 1.67 1.67 1.67 2.   2.33 2.33 2.33 2.67 2.67
 2.67 3.   3.   3.   3.   3.  ]"
172,172,3.911833333333333,0.42013897252428334,"[14, 1, 0, 1, 13, 1, 1, 10, 9, 6, 5, 15, 15, 15, 12, 8, 6, 13, 3, 4, 8, 12, 1, 11, 12, 8, 5, 7, 5, 7, 7, 7, 0, 5, 15, 14, 13, 0, 11, 10, 13, 11, 9, 11, 4, 2, 12, 14]","[0.33 0.33 0.33 0.67 0.67 1.   1.33 1.33 1.33 1.33 1.33 1.33 1.33 1.33
 1.33 1.33 1.33 1.33 1.33 1.33 1.33 1.33 1.67 1.67 1.67 1.67 1.67 1.67
 1.67 1.67 1.67 1.67 1.67 1.67 1.67 1.67 1.67 1.67 1.67 1.67 1.67 1.67
 1.67 1.67 1.67 1.67 1.67 1.67]"
173,173,2.3781000000000003,0.4180382776616619,"[11, 4, 11, 11, 3, 9, 9, 12, 12, 8, 9, 13, 13, 11, 13, 5, 12, 6, 7, 15, 13, 15, 10, 11, 11, 12, 4, 6, 5, 15, 3, 8, 10, 15, 11, 10, 5, 11, 0, 5, 11, 11, 7, 7, 11, 9, 10, 14]","[0.33 0.33 0.67 1.   1.   1.   1.   1.   1.   1.   1.   1.   1.   1.33
 1.33 1.33 1.33 1.33 1.33 1.33 1.33 1.33 1.33 1.67 2.   2.   2.   2.
 2.   2.   2.   2.   2.   2.   2.33 2.33 2.33 2.67 2.67 2.67 3.   3.33
 3.33 3.33 3.67 3.67 3.67 3.67]"
174,174,-0.6418333333333329,0.4159480862733536,"[11, 4, 5, 11, 11, 11, 13, 11, 13, 6, 13, 13, 6, 1, 6, 14, 8, 12, 9, 4, 11, 12, 11, 11, 10, 8, 11, 3, 0, 11, 6, 10, 11, 1, 5, 11, 11, 15, 11, 15, 15, 8, 11, 14, 1, 2, 1, 11]","[0.33 0.33 0.33 0.67 1.   1.33 1.33 1.67 1.67 1.67 1.67 1.67 1.67 1.67
 1.67 1.67 1.67 1.67 1.67 1.67 2.   2.   2.33 2.67 2.67 2.67 3.   3.
 3.   3.33 3.33 3.33 3.67 3.67 3.67 4.   4.33 4.33 4.67 4.67 4.67 4.67
 5.   5.   5.   5.   5.   5.33]"
175,175,2.0937333333333337,0.41386834584198684,"[14, 1, 14, 4, 1, 12, 1, 3, 4, 11, 2, 4, 15, 8, 11, 11, 4, 0, 3, 1, 0, 4, 4, 3, 10, 4, 8, 2, 11, 5, 5, 9, 5, 7, 11, 15, 13, 11, 11, 11, 10, 7, 14, 0, 14, 15, 0, 5]","[0.33 0.33 0.67 0.67 0.67 0.67 1.   1.   1.   1.   1.   1.   1.   1.
 1.   1.   1.33 1.33 1.33 1.33 1.33 1.67 2.   2.   2.   2.33 2.33 2.33
 2.33 2.33 2.33 2.33 2.33 2.33 2.33 2.33 2.33 2.33 2.33 2.67 2.67 2.67
 2.67 2.67 2.67 2.67 2.67 2.67]"
176,176,3.6270000000000002,0.4117990041127769,"[10, 11, 3, 9, 7, 12, 9, 11, 8, 13, 12, 5, 4, 3, 9, 5, 8, 8, 14, 2, 0, 8, 9, 5, 2, 7, 2, 9, 9, 4, 13, 11, 11, 11, 11, 6, 5, 3, 1, 15, 14, 4, 4, 6, 0, 3, 14, 12]","[0.33 0.33 0.33 0.33 0.33 0.33 0.67 0.67 0.67 0.67 0.67 0.67 0.67 0.67
 1.   1.   1.   1.   1.   1.   1.   1.33 1.33 1.33 1.33 1.33 1.33 1.67
 2.   2.   2.   2.   2.   2.   2.   2.   2.   2.   2.   2.   2.   2.
 2.   2.   2.   2.   2.   2.  ]"
177,177,4.4072666666666676,0.40974000909221303,"[11, 4, 11, 11, 5, 12, 11, 1, 5, 5, 12, 7, 6, 14, 7, 13, 10, 8, 5, 9, 14, 3, 14, 1, 2, 0, 11, 13, 0, 2, 6, 8, 11, 11, 1, 9, 9, 7, 3, 14, 10, 4, 11, 12, 8, 13, 6, 13]","[0.33 0.33 0.67 1.   1.   1.   1.33 1.33 1.33 1.33 1.33 1.33 1.33 1.33
 1.33 1.33 1.33 1.33 1.33 1.33 1.33 1.33 1.33 1.33 1.33 1.33 1.67 1.67
 1.67 1.67 1.67 1.67 2.   2.33 2.33 2.33 2.33 2.33 2.33 2.33 2.33 2.33
 2.67 2.67 2.67 2.67 2.67 2.67]"
178,178,0.771300000000001,0.40769130904675194,"[14, 1, 10, 15, 5, 13, 9, 9, 3, 4, 4, 15, 2, 15, 9, 5, 5, 3, 9, 9, 10, 5, 13, 9, 1, 9, 6, 1, 10, 13, 15, 1, 1, 13, 7, 9, 9, 9, 12, 9, 7, 4, 9, 11, 6, 4, 12, 4]","[0.33 0.33 0.33 0.33 0.33 0.33 0.33 0.67 0.67 0.67 0.67 0.67 0.67 1.
 1.   1.   1.   1.   1.33 1.67 1.67 1.67 1.67 2.   2.   2.33 2.33 2.33
 2.33 2.33 2.33 2.33 2.33 2.33 2.33 2.67 3.   3.33 3.33 3.67 3.67 3.67
 4.   4.   4.   4.   4.   4.  ]"
179,179,3.301966666666667,0.40565285250151817,"[13, 11, 5, 5, 11, 3, 7, 4, 10, 12, 14, 14, 14, 7, 2, 0, 4, 8, 4, 4, 4, 4, 1, 11, 15, 11, 12, 15, 10, 11, 14, 5, 13, 7, 1, 15, 4, 0, 9, 7, 2, 4, 1, 5, 3, 8, 9, 0]","[0.33 0.33 0.33 0.67 0.67 0.67 0.67 0.67 0.67 0.67 0.67 0.67 1.   1.
 1.   1.   1.   1.   1.   1.33 1.67 2.   2.   2.   2.   2.   2.   2.
 2.   2.   2.   2.   2.   2.   2.   2.   2.33 2.33 2.33 2.33 2.33 2.67
 2.67 2.67 2.67 2.67 2.67 2.67]"
180,180,2.6837666666666666,0.4036245882390106,"[1, 11, 8, 13, 9, 10, 15, 4, 4, 4, 4, 4, 7, 6, 5, 12, 6, 11, 10, 6, 14, 9, 5, 11, 7, 11, 11, 1, 5, 9, 5, 11, 15, 7, 14, 13, 11, 11, 12, 11, 3, 2, 0, 11, 13, 12, 11, 7]","[0.33 0.33 0.33 0.33 0.33 0.33 0.33 0.33 0.67 1.   1.33 1.67 1.67 1.67
 1.67 1.67 1.67 1.67 1.67 1.67 1.67 1.67 1.67 1.67 1.67 1.67 1.67 1.67
 1.67 1.67 1.67 2.   2.   2.   2.   2.   2.33 2.67 2.67 3.   3.   3.
 3.   3.33 3.33 3.33 3.67 3.67]"
181,181,3.912233333333334,0.4016064652978155,"[0, 11, 13, 14, 5, 14, 13, 1, 5, 2, 7, 5, 9, 10, 1, 11, 4, 1, 8, 11, 3, 1, 11, 2, 3, 11, 14, 5, 8, 10, 11, 13, 12, 0, 13, 4, 15, 12, 11, 4, 0, 6, 14, 11, 9, 11, 7, 11]","[0.33 0.33 0.33 0.33 0.33 0.67 0.67 0.67 0.67 0.67 0.67 1.   1.   1.
 1.   1.   1.   1.   1.   1.   1.   1.33 1.33 1.33 1.33 1.67 1.67 1.67
 1.67 1.67 2.   2.   2.   2.   2.   2.   2.   2.   2.33 2.33 2.33 2.33
 2.33 2.67 2.67 3.   3.   3.33]"
182,182,3.501133333333334,0.3995984329713264,"[4, 2, 1, 1, 1, 3, 2, 1, 12, 6, 8, 4, 6, 11, 12, 6, 4, 4, 5, 5, 0, 12, 7, 0, 5, 15, 14, 11, 2, 3, 11, 11, 11, 7, 6, 11, 10, 11, 5, 11, 13, 13, 8, 2, 3, 3, 12, 8]","[0.33 0.33 0.33 0.67 1.   1.   1.   1.33 1.33 1.33 1.33 1.33 1.33 1.33
 1.33 1.33 1.33 1.33 1.33 1.33 1.33 1.33 1.33 1.33 1.33 1.33 1.33 1.33
 1.33 1.33 1.33 1.33 1.67 1.67 1.67 2.   2.   2.33 2.33 2.67 2.67 2.67
 2.67 2.67 2.67 2.67 2.67 2.67]"
183,183,2.384666666666667,0.3976004408064698,"[12, 7, 11, 0, 3, 14, 14, 9, 8, 4, 13, 15, 7, 7, 4, 7, 2, 3, 1, 1, 1, 2, 6, 4, 1, 1, 1, 0, 9, 0, 4, 9, 6, 4, 8, 4, 5, 4, 15, 4, 4, 15, 0, 2, 3, 5, 12, 4]","[0.33 0.33 0.33 0.33 0.33 0.33 0.67 0.67 0.67 0.67 0.67 0.67 0.67 1.
 1.   1.33 1.33 1.33 1.33 1.33 1.33 1.33 1.33 1.33 1.33 1.67 2.   2.
 2.   2.   2.   2.   2.   2.   2.   2.   2.   2.33 2.33 2.67 3.   3.
 3.   3.   3.   3.   3.   3.33]"
184,184,3.999900000000001,0.39561243860243744,"[6, 11, 5, 5, 3, 7, 13, 4, 14, 4, 9, 8, 2, 3, 12, 11, 8, 8, 14, 15, 12, 12, 15, 3, 8, 12, 12, 2, 14, 14, 10, 11, 11, 11, 2, 5, 6, 6, 1, 10, 2, 5, 4, 0, 1, 11, 11, 13]","[0.33 0.33 0.33 0.67 0.67 0.67 0.67 0.67 0.67 0.67 0.67 0.67 0.67 0.67
 0.67 0.67 0.67 1.   1.   1.   1.   1.   1.   1.   1.33 1.33 1.67 1.67
 1.67 1.67 1.67 1.67 1.67 1.67 1.67 1.67 1.67 1.67 1.67 1.67 1.67 1.67
 1.67 1.67 1.67 2.   2.33 2.33]"
185,185,2.544633333333332,0.3936343764094253,"[8, 7, 9, 7, 12, 7, 4, 8, 4, 8, 8, 11, 4, 7, 6, 0, 0, 11, 12, 14, 12, 1, 3, 11, 4, 9, 2, 6, 14, 13, 11, 11, 13, 6, 14, 11, 13, 11, 13, 2, 3, 0, 2, 11, 2, 11, 1, 11]","[0.33 0.33 0.33 0.67 0.67 1.   1.   1.   1.   1.   1.33 1.33 1.33 1.33
 1.33 1.33 1.33 1.33 1.33 1.33 1.33 1.33 1.33 1.33 1.33 1.33 1.33 1.33
 1.33 1.33 1.33 1.67 1.67 1.67 1.67 2.   2.   2.33 2.33 2.33 2.33 2.33
 2.33 2.67 2.67 3.   3.   3.33]"
186,186,2.8031666666666664,0.39166620452737816,"[14, 1, 0, 1, 7, 5, 7, 12, 10, 1, 8, 0, 0, 4, 4, 7, 4, 6, 1, 11, 3, 10, 11, 0, 11, 13, 9, 5, 11, 11, 11, 13, 4, 9, 11, 11, 10, 11, 14, 15, 5, 11, 3, 14, 14, 10, 12, 11]","[0.33 0.33 0.33 0.67 0.67 0.67 0.67 0.67 0.67 1.   1.   1.   1.   1.
 1.   1.   1.   1.   1.33 1.33 1.33 1.33 1.33 1.33 1.33 1.33 1.33 1.33
 1.33 1.67 2.   2.   2.   2.   2.33 2.67 2.67 3.   3.   3.   3.   3.33
 3.33 3.33 3.33 3.33 3.33 3.67]"
187,187,0.2723666666666663,0.3897078735047413,"[10, 11, 0, 15, 9, 7, 11, 4, 4, 3, 3, 15, 3, 7, 7, 9, 4, 4, 4, 4, 9, 15, 8, 9, 11, 1, 11, 11, 10, 11, 11, 11, 11, 1, 11, 1, 14, 11, 11, 11, 11, 0, 11, 6, 3, 15, 11, 13]","[0.33 0.33 0.33 0.33 0.33 0.33 0.67 0.67 0.67 0.67 0.67 0.67 1.   1.
 1.   1.   1.   1.33 1.67 2.   2.   2.   2.   2.   2.   2.   2.   2.
 2.   2.   2.33 2.67 3.   3.   3.33 3.33 3.33 3.67 4.   4.33 4.67 4.67
 5.   5.   5.   5.   5.33 5.33]"
188,188,2.1529333333333343,0.3877593341372176,"[4, 5, 11, 5, 7, 3, 10, 14, 7, 14, 0, 11, 14, 15, 4, 3, 6, 11, 15, 4, 10, 14, 2, 4, 4, 4, 9, 4, 4, 4, 4, 5, 12, 0, 12, 5, 3, 11, 3, 2, 10, 6, 4, 15, 4, 2, 13, 10]","[0.33 0.33 0.33 0.67 0.67 0.67 0.67 0.67 0.67 0.67 0.67 0.67 1.   1.
 1.   1.   1.   1.   1.   1.   1.   1.33 1.33 1.33 1.67 2.   2.   2.33
 2.67 3.   3.33 3.33 3.33 3.33 3.33 3.33 3.33 3.33 3.33 3.33 3.33 3.33
 3.67 3.67 4.   4.   4.   4.  ]"
189,189,0.8634000000000002,0.3858205374665315,"[9, 1, 1, 2, 5, 13, 10, 15, 0, 9, 4, 1, 4, 5, 5, 15, 1, 1, 1, 5, 1, 3, 1, 1, 10, 13, 4, 4, 0, 12, 7, 9, 15, 9, 12, 3, 10, 4, 4, 14, 12, 13, 3, 6, 14, 8, 14, 4]","[0.33 0.33 0.67 0.67 0.67 0.67 0.67 0.67 0.67 0.67 0.67 1.   1.   1.
 1.   1.   1.33 1.67 2.   2.   2.33 2.33 2.67 3.   3.   3.   3.   3.
 3.   3.   3.   3.   3.   3.   3.   3.   3.   3.   3.   3.   3.   3.
 3.   3.   3.   3.   3.   3.  ]"
190,190,3.6851333333333325,0.38389143477919885,"[3, 5, 5, 8, 1, 12, 12, 6, 6, 12, 7, 3, 13, 13, 12, 12, 15, 8, 1, 15, 8, 15, 14, 10, 4, 10, 4, 3, 1, 3, 11, 1, 8, 2, 4, 0, 0, 4, 14, 5, 2, 6, 9, 14, 4, 4, 5, 7]","[0.33 0.33 0.67 0.67 0.67 0.67 0.67 0.67 0.67 1.   1.   1.   1.   1.
 1.33 1.67 1.67 1.67 1.67 1.67 1.67 1.67 1.67 1.67 1.67 1.67 1.67 1.67
 1.67 1.67 1.67 1.67 1.67 1.67 1.67 1.67 1.67 1.67 1.67 1.67 1.67 1.67
 1.67 1.67 1.67 2.   2.   2.  ]"
191,191,1.7661333333333333,0.3819719776053028,"[3, 12, 4, 9, 13, 11, 9, 12, 13, 1, 12, 12, 12, 5, 1, 3, 0, 14, 0, 7, 1, 13, 1, 1, 6, 4, 4, 10, 4, 6, 9, 7, 6, 14, 13, 9, 10, 6, 3, 3, 4, 4, 4, 5, 8, 4, 11, 0]","[0.33 0.33 0.33 0.33 0.33 0.33 0.67 0.67 0.67 0.67 1.   1.33 1.67 1.67
 1.67 1.67 1.67 1.67 1.67 1.67 1.67 1.67 1.67 1.67 1.67 1.67 1.67 1.67
 1.67 1.67 1.67 1.67 1.67 1.67 1.67 1.67 1.67 1.67 1.67 1.67 1.67 2.
 2.33 2.33 2.33 2.67 2.67 2.67]"
192,192,2.747900000000001,0.3800621177172763,"[8, 7, 5, 6, 9, 5, 8, 12, 4, 11, 10, 10, 0, 6, 11, 4, 4, 4, 5, 4, 4, 2, 7, 0, 0, 13, 11, 15, 11, 0, 9, 2, 11, 7, 4, 10, 7, 1, 1, 15, 9, 8, 4, 4, 4, 4, 6, 8]","[0.33 0.33 0.33 0.33 0.33 0.67 0.67 0.67 0.67 0.67 0.67 0.67 0.67 0.67
 0.67 0.67 1.   1.33 1.33 1.67 2.   2.   2.   2.   2.   2.   2.   2.
 2.   2.   2.   2.   2.   2.   2.33 2.33 2.33 2.33 2.33 2.33 2.33 2.33
 2.67 3.   3.33 3.67 3.67 3.67]"
193,193,3.213066666666668,0.37816180712868996,"[1, 10, 12, 5, 13, 8, 4, 13, 4, 4, 11, 14, 5, 1, 11, 13, 0, 11, 15, 7, 4, 2, 5, 13, 15, 4, 4, 7, 3, 4, 1, 15, 4, 4, 14, 4, 5, 12, 8, 0, 4, 14, 10, 3, 7, 12, 4, 2]","[0.33 0.33 0.33 0.33 0.33 0.33 0.33 0.67 0.67 1.   1.   1.   1.   1.
 1.   1.   1.   1.   1.   1.   1.33 1.33 1.33 1.33 1.33 1.67 2.   2.
 2.   2.33 2.33 2.33 2.67 3.   3.   3.33 3.33 3.33 3.33 3.33 3.67 3.67
 3.67 3.67 3.67 3.67 4.   4.  ]"
194,194,2.0396666666666676,0.37627099809304654,"[4, 1, 2, 12, 9, 1, 1, 1, 2, 15, 10, 0, 10, 5, 11, 1, 8, 0, 11, 9, 12, 4, 11, 4, 6, 4, 7, 2, 11, 4, 8, 4, 10, 4, 4, 5, 3, 2, 3, 3, 10, 12, 4, 5, 4, 9, 4, 4]","[0.33 0.33 0.33 0.33 0.33 0.67 1.   1.33 1.33 1.33 1.33 1.33 1.33 1.33
 1.33 1.67 1.67 1.67 1.67 1.67 1.67 1.67 1.67 1.67 1.67 1.67 1.67 1.67
 1.67 1.67 1.67 2.   2.   2.33 2.67 2.67 2.67 2.67 2.67 2.67 2.67 2.67
 3.   3.   3.33 3.33 3.67 4.  ]"
195,195,0.4869000000000006,0.3743896431025813,"[4, 2, 1, 1, 1, 7, 1, 1, 1, 13, 11, 9, 0, 11, 11, 8, 4, 8, 1, 11, 6, 13, 7, 7, 3, 0, 0, 4, 13, 6, 13, 0, 7, 0, 10, 12, 15, 5, 15, 15, 3, 4, 14, 15, 4, 6, 9, 8]","[0.33 0.33 0.33 0.67 1.   1.   1.33 1.67 2.   2.   2.   2.   2.   2.
 2.   2.   2.   2.   2.33 2.33 2.33 2.33 2.33 2.33 2.33 2.33 2.33 2.33
 2.33 2.33 2.33 2.33 2.33 2.33 2.33 2.33 2.33 2.33 2.33 2.33 2.33 2.33
 2.33 2.33 2.33 2.33 2.33 2.33]"
196,196,1.3621666666666672,0.37251769488706843,"[1, 11, 10, 5, 9, 9, 11, 2, 13, 11, 11, 0, 14, 3, 12, 8, 2, 15, 11, 11, 11, 11, 6, 9, 12, 6, 4, 4, 4, 8, 0, 4, 4, 8, 10, 2, 4, 12, 4, 9, 14, 5, 1, 12, 4, 13, 1, 1]","[0.33 0.33 0.33 0.33 0.33 0.67 0.67 0.67 0.67 1.   1.33 1.33 1.33 1.33
 1.33 1.33 1.33 1.33 1.67 2.   2.33 2.67 2.67 2.67 2.67 2.67 2.67 2.67
 2.67 2.67 2.67 2.67 2.67 2.67 2.67 2.67 2.67 2.67 2.67 2.67 2.67 2.67
 2.67 2.67 2.67 2.67 2.67 2.67]"
197,197,-1.2816666666666665,0.3706551064126331,"[10, 11, 11, 6, 4, 14, 11, 10, 4, 1, 4, 4, 4, 4, 15, 8, 4, 13, 1, 9, 4, 1, 4, 10, 4, 4, 0, 15, 14, 1, 1, 3, 9, 1, 13, 1, 8, 15, 12, 13, 11, 1, 7, 3, 8, 1, 15, 2]","[0.33 0.33 0.67 0.67 0.67 0.67 1.   1.   1.   1.   1.   1.33 1.67 2.
 2.   2.   2.33 2.33 2.33 2.33 2.67 2.67 3.   3.   3.33 3.67 3.67 3.67
 3.67 3.67 3.67 3.67 3.67 3.67 3.67 3.67 3.67 3.67 3.67 3.67 3.67 3.67
 3.67 3.67 3.67 3.67 3.67 3.67]"
198,198,0.7605333333333335,0.36880183088056995,"[3, 7, 7, 12, 1, 4, 9, 1, 12, 11, 11, 11, 13, 13, 12, 13, 13, 8, 7, 13, 1, 13, 13, 13, 0, 4, 9, 12, 6, 4, 9, 4, 0, 4, 8, 9, 8, 6, 4, 4, 1, 4, 11, 4, 0, 4, 8, 5]","[0.33 0.33 0.67 0.67 0.67 0.67 0.67 0.67 0.67 0.67 0.67 1.   1.   1.
 1.   1.   1.33 1.33 1.33 1.67 1.67 2.   2.33 2.67 2.67 2.67 2.67 2.67
 2.67 2.67 2.67 2.67 2.67 2.67 2.67 2.67 2.67 2.67 2.67 2.67 2.67 2.67
 2.67 3.   3.   3.33 3.33 3.33]"
199,199,-0.9236000000000001,0.3669578217261671,"[4, 1, 4, 6, 15, 4, 12, 0, 11, 10, 4, 15, 4, 4, 4, 15, 4, 5, 4, 6, 9, 15, 6, 11, 4, 2, 13, 4, 6, 5, 10, 9, 13, 7, 2, 2, 11, 12, 12, 7, 11, 11, 13, 12, 7, 8, 7, 13]","[0.33 0.33 0.67 0.67 0.67 1.   1.   1.   1.   1.   1.33 1.33 1.67 2.
 2.33 2.33 2.67 2.67 3.   3.   3.   3.   3.   3.   3.33 3.33 3.33 3.67
 3.67 3.67 3.67 3.67 3.67 3.67 3.67 3.67 3.67 3.67 3.67 3.67 3.67 3.67
 3.67 3.67 3.67 3.67 3.67 3.67]"
